"번호","개방서비스명","개방서비스아이디","개방자치단체코드","관리번호","인허가일자","인허가취소일자","영업상태구분코드","영업상태명","상세영업상태코드","상세영업상태명","폐업일자","휴업시작일자","휴업종료일자","재개업일자","소재지전화","소재지면적","소재지우편번호","소재지전체주소","도로명전체주소","도로명우편번호","사업장명","최종수정시점","데이터갱신구분","데이터갱신일자","업태구분명","좌표정보x(epsg5174)","좌표정보y(epsg5174)","문화체육업종명","문화사업자구분명","지역구분명","총층수","주변환경명","제작취급품목내용","보험기관명","건물용도명","지상층수","지하층수","객실수","건축연면적","영문상호명","영문상호주소","선박총톤수","선박척수","선박제원","무대면적","좌석수","기념품종류","회의실별동시수용인원","시설면적","놀이기구수내역","놀이시설수","방송시설유무","발전시설유무","의무실유무","안내소유무","기획여행보험시작일자","기획여행보험종료일자","자본금","보험시작일자","보험종료일자","부대시설내역","시설규모","관광숙박업상세명",
"1","관광숙박업","03_11_01_P","5020000","CDFI2260032015000004","2015-06-04","","03","폐업","03","폐업","2017-03-27","","","","","","790-826","경상북도 포항시 남구 대잠동 928번지","경상북도 포항시 남구 새천년대로460번길 14 (대잠동)","37760","파티 게스트하우스","2017-03-28 14:27:17","I","2018-08-31 23:59:59","","411578.587378566","282043.583516965","관광숙박업","","근린상업지역","","","","","숙박시설","3","1","15","493","","","","","","","","","","149.66","","","","","","","","","","","","","150","호스텔업",
"2","관광숙박업","03_11_01_P","5020000","CDFI2260031987000001","1987-11-10","","03","폐업","03","폐업","2015-11-06","","","","054)242-2800","","791-080","경상북도 포항시 북구 중앙동 17번지","경상북도 포항시 북구 동빈로 9 (중앙동)","37738","선프린스호텔","2015-11-19 16:21:50","I","2018-08-31 23:59:59","","413376.894642739","284542.890285032","관광숙박업","","","","","","","","","","","","","","","","","","","","","","","","","","","","","","","","","","","관광호텔업",
"3","관광숙박업","03_11_01_P","5020000","CDFI2260031990000001","1990-06-20","","03","폐업","03","폐업","2008-01-16","","","","054-241-6001","","790-830","경상북도 포항시 남구 송도동 438-1번지","경상북도 포항시 남구 송도로 62  (송도동)","","(주)올림푸스관광호텔","2008-01-24 17:34:05","I","2018-08-31 23:59:59","","414249.495475761","284043.725642884","관광숙박업","관광사업","","9","","","","","8","1","","","","","","","","","","","","1800.5","","","","","","","","","","","","","1801","",
"4","관광숙박업","03_11_01_P","5020000","CDFI2260032004000001","2004-02-17","","03","폐업","03","폐업","2019-01-30","","","","054-250-2289","","","경상북도 포항시 북구 용흥동 198-2번지","경상북도 포항시 북구 죽파로 6 (용흥동)","37747","필로스관광호텔","2019-01-29 15:20:18","U","2019-01-31 02:40:00","","412401.207906665","283564.630870405","관광숙박업","관광사업","","12","","","","호텔","10","2","131","","","","","","","","","","","6987.34","","","","","","","","","","","","","6987","관광호텔업",
"5","관광숙박업","03_11_01_P","5020000","CDFI2260032006000001","2006-10-18","","03","폐업","03","폐업","2017-09-11","","","","054-262-5600","","","경상북도 포항시 북구 흥해읍 칠포리 197번지","경상북도 포항시 북구 흥해읍 해안로 1374","37530","파인비치관광호텔","2017-09-11 11:37:04","I","2018-08-31 23:59:59","","415722.304431119","295150.248023222","관광숙박업","관광사업","자연녹지지역","4","기타","","","호텔","3","1","","","","","","","","","","","","4194.5","","","","","","","","","8204000000","","","","4195","",
"6","관광숙박업","03_11_01_P","5020000","CDFI2260032009000001","2009-03-12","","03","폐업","03","폐업","2014-09-23","","","","070-7777-0077","","790-828","경상북도 포항시 남구 상도동 603-7번지","경상북도 포항시 남구 중흥로100번길 7-5  (상도동)","","(주)애플트리호텔","2014-09-24 09:10:24","I","2018-08-31 23:59:59","","411964.922241454","281836.701702121","관광숙박업","","상업지역","5","학교정화(상대)","","","숙박시설","5","1","","","","","","","","","","","","87935","","","","","","","","","370000000","","","","87935","",
"7","관광숙박업","03_11_01_P","5020000","CDFI2260032010000001","2010-12-31","","03","폐업","03","폐업","2017-03-21","","","","054)274-8300","","790-839","경상북도 포항시 남구 해도동 415-1번지","경상북도 포항시 남구 중앙로131번길 1 (해도동)","37775","스테이인호텔","2017-03-21 16:13:21","I","2018-08-31 23:59:59","","413352.246628523","283089.833251575","관광숙박업","","","","","","","","","","","","","","","","","","","","","","","","","","","","","","","","","","","관광호텔업",
"8","관광숙박업","03_11_01_P","5020000","CDFI2260032017000001","2017-01-26","","03","폐업","03","폐업","2019-06-04","","","","054 248 7555","","","경상북도 포항시 북구 신흥동","경상북도 포항시 북구 중앙상가7길 2 (신흥동)","37735","바나나모텔","2019-06-04 17:45:43","U","2019-06-06 02:40:00","","412989.334732914","284766.246777777","관광숙박업","","일반상업지역","4","","","","숙박시설","","","","","","","","","","","","","","714.62","","","","","","","","","","","","","715","호스텔업",
"9","관광숙박업","03_11_01_P","5020000","CDFI2260032024000002","2024-07-26","","01","영업/정상","13","영업중","","","","","","","","경상북도 포항시 북구 환호동 157-23","경상북도 포항시 북구 해안로445번길 20-15, 티베이호스텔 (환호동)","37598","티베이호스텔","2024-10-15 20:13:42","U","2024-10-17 02:40:00","","416738.665714095","288533.932286893","관광숙박업","","일반주거지역","3","기타","","","숙박시설","3","0","6","0","","","0","0","","0","0","","0","579.15","","0","","","","","","","600000000","","","","579","호스텔업",
"10","관광숙박업","03_11_01_P","5020000","CDFI2260032020000001","2020-02-06","","01","영업/정상","13","영업중","","","","","054-255-6000","","","경상북도 포항시 북구 장성동 1416-1 라우스데오","경상북도 포항시 북구 장량로127번길 6, 라우스데오 (장성동)","37587","라우스데오","2023-11-02 09:22:07","U","2023-11-04 02:40:00","","415621.228654588","289520.149599827","관광숙박업","","일반상업지역","5","","","농협손해보험주식회사","","5","0","29","0","","","0","0","","0","0","","0","165304","","0","","","","","","","0","","","","165304","소형호텔업",
"11","관광숙박업","03_11_01_P","5020000","CDFI2260032024000001","2024-05-07","","01","영업/정상","13","영업중","","","","","","","","경상북도 포항시 북구 대신동 62-29","경상북도 포항시 북구 대신로36번길 14 (대신동)","37724","영일대스테이","2024-12-11 19:07:46","U","2024-12-13 02:40:00","","413457.602003355","285557.716343456","관광숙박업","","","1","","","","","1","0","2","0","","","0","0","","0","0","","0","0","","0","","","","","","","0","","","","0","호스텔업",
"12","관광숙박업","03_11_01_P","5020000","CDFI2260031978000001","1978-08-20","","01","영업/정상","13","영업중","","","","","054-241-1401","","","경상북도 포항시 남구 송도동 311-2","경상북도 포항시 남구 송도로 71 (송도동, 코모도비취관광호텔)","37733","코모도호텔 포항 송도","2024-10-14 18:27:22","U","2024-10-16 02:40:00","","414213.342739996","284259.447537924","관광숙박업","관광사업","","0","","","","","0","0","46","0","","","0","0","","0","0","","0","0","","0","","","","","","","0","","","","0","관광호텔업",
"13","관광숙박업","03_11_01_P","5020000","CDFI2260032005000002","2005-10-27","","01","영업/정상","13","영업중","","","","","054-282-4427","","","경상북도 포항시 남구 해도동 416-6","경상북도 포항시 남구 중앙로 128 (해도동)","37789","베니키아 호텔 포항","2024-10-14 18:25:17","U","2024-10-16 02:40:00","","413442.557978329","283055.130201044","관광숙박업","관광사업","근린상업지역","8","주택가주변","","","호텔","7","1","80","0","BENIKEA HOTEL POHANG","TOURIST ACCOMMODATION (TOURIST HOTEL)","0","0","","0","0","","0","3832.09","","0","","","","","","","0","","","","3832","관광호텔업",
"14","관광숙박업","03_11_01_P","5020000","CDFI2260032011000001","2011-08-22","","01","영업/정상","13","영업중","","","","","260-7000/260-7063","","791-862","경상북도 포항시 북구 송라면 화진리 872-1","경상북도 포항시 북구 송라면 대전길 7","37510","오션힐스 골프 & 리조트","2023-11-02 11:04:42","U","2023-11-04 02:40:00","","411959.901723844","307334.096335002","관광숙박업","","관리지역","11","기타","","","콘도미니엄","10","1","54","0","","","0","0","","0","0","","0","4730.7","","0","","","","","","","600000000","","","","4731","휴양콘도미니엄업",
"15","관광숙박업","03_11_01_P","5020000","CDFI2260032015000001","2015-02-17","","01","영업/정상","13","영업중","","","","","","","791-062","경상북도 포항시 북구 동빈2가 144-8","경상북도 포항시 북구 해동로 211-1 (동빈2가)","37738","동빈나루 게스트하우스","2023-11-02 09:02:48","U","2023-11-04 02:40:00","","413485.126182397","284562.197009973","관광숙박업","","일반상업지역","3","","","신협재난배상책임공제","숙박시설","3","0","2","0","","","0","0","","0","0","","0","53","","0","","","","","","","0","","","","53","호스텔업",
"16","관광숙박업","03_11_01_P","5020000","CDFI2260032015000003","2015-06-04","","01","영업/정상","13","영업중","","","","","054-230-7031","","791-802","경상북도 포항시 북구 두호동 367","경상북도 포항시 북구 삼호로265번길 1 (두호동)","37625","라한호텔 포항","2025-02-21 09:50:20","U","2025-02-23 02:40:00","","414340.433075022","287180.594980994","관광숙박업","","일반상업지역","19","","","","숙박시설","16","3","160","0","LAHAN HOTEL POHANG","Tourist accommdation (Tourist Hotel)","0","0","","0","0","","0","25064.8","","0","","","","","","","0","","","","25065","관광호텔업",
"17","관광숙박업","03_11_01_P","5020000","CDFI2260032015000005","2015-12-18","","01","영업/정상","13","영업중","","","","","054-242-3355","","","경상북도 포항시 북구 두호동 693","경상북도 포항시 북구 해안로 89 (두호동)","37708","윈호텔","2024-10-14 18:29:35","U","2024-10-16 02:40:00","","414171.414828731","286652.148204072","관광숙박업","","일반상업지역","10","","","삼성화재해상보험주식회사","숙박시설","9","1","53","0","","","0","0","","0","0","","0","2360.72","","0","","","","","","","0","","","","2361","관광호텔업",
"18","관광숙박업","03_11_01_P","5020000","CDFI2260032016000001","2016-06-20","","01","영업/정상","13","영업중","","","","","054-254-2045","","","경상북도 포항시 북구 대신동","경상북도 포항시 북구 삼호로 73 (대신동)","37724","영일대 게스트하우스","2023-11-02 09:32:14","U","2023-11-04 02:40:00","","413502.624998941","285552.094189074","관광숙박업","","일반상업지역","3","","","DB손해보험주식회사","","3","1","11","0","","","0","0","","0","0","","0","606.71","","0","","","","","","","0","","","","607","호스텔업",
"19","관광숙박업","03_11_01_P","5020000","CDFI2260032017000002","2017-07-18","","01","영업/정상","13","영업중","","","","","054 256 0055","","","경상북도 포항시 북구 두호동 668","경상북도 포항시 북구 해안로 91 (두호동)","37708","호텔뷰","2024-10-14 18:30:33","U","2024-10-16 02:40:00","","414170.245370414","286665.901093591","관광숙박업","","상업지역","10","기타","","","","10","0","42","0","","","0","0","","0","0","","0","3278.17","","0","","","","","","","0","","","","3278","관광호텔업",
"20","관광숙박업","03_11_01_P","5020000","CDFI2260032021000001","2021-03-18","","01","영업/정상","13","영업중","","","","","054-272-0009","","","경상북도 포항시 남구 대잠동 964-2","경상북도 포항시 남구 희망대로659번길 20 (대잠동)","37761","노블리온호텔","2024-10-14 18:28:16","U","2024-10-16 02:40:00","","411518.9990721","281663.963843767","관광숙박업","","","0","","","","","0","0","42","0","","","0","0","","0","0","","0","0","","0","","","","","","","1500000000","","","","0","관광호텔업",
"21","관광숙박업","03_11_01_P","5020000","CDFI2260032025000001","2025-01-17","","01","영업/정상","13","영업중","","","","","","","","경상북도 포항시 북구 환호동 2-12","경상북도 포항시 북구 여남포길21번길 15-8, 3층 (환호동)","37598","에스피에스타","2025-01-17 10:00:46","I","2025-01-19 00:11:35","","416737.768276361","288560.472402895","관광숙박업","","","0","","","","","0","0","0","0","","","0","0","","0","0","","0","0","","0","","","","","","","0","","","","0","호스텔업",
"22","관광숙박업","03_11_01_P","5020000","CDFI2260032015000002","2015-03-05","2017-06-07","04","취소/말소/만료/정지/중지","31","등록취소","","","","","","","790-826","경상북도 포항시 남구 대잠동 780-177번지","경상북도 포항시 남구 행복길75번길 11 (대잠동)","37662","영일대호텔","2017-06-15 17:20:09","I","2018-08-31 23:59:59","","410402.140540467","281868.211429299","관광숙박업","","자연녹지지역","3","기타","","","근린생활시설","","","","","","","","","","","","","","","","","","","","","","","","","","","","소형호텔업",
"23","관광숙박업","03_11_01_P","5050000","CDFI2260031983000001","1983-08-16","","02","휴업","02","휴업","","2024-03-01","2027-02-28","","777-2780","","780-290","경상북도 경주시 신평동 601-8","경상북도 경주시 보문로 353 (신평동)","38116","(주)이랜드파크 한국콘도 경주보문","2024-05-16 15:54:05","U","2024-05-18 02:40:00","","405921.388137326","263399.426921109","관광숙박업","","","","","","","","","","","","E-Land Leisurevice Hangookcondo Inc. Gyeongju Bo-Moon Branch","Tourist Accomodations(Tourist Condominiums)","","","","","","","","","","","","","","","","","","","","","","휴양콘도미니엄업",
"24","관광숙박업","03_11_01_P","5050000","CDFI2260031988000001","1988-06-22","","02","휴업","02","휴업","","2024-10-01","2025-09-30","","054-746-6661","","780-420","경상북도 경주시 구정동 145-1","경상북도 경주시 불국로 61 (구정동)","780-420","그랜드 호텔 경주","2024-09-19 14:11:52","U","2024-09-21 02:40:00","","407971.117098975","255902.352248023","관광숙박업","관광사업","","0","","","","","0","0","0","0","","","0","0","","0","0","","0","0","","0","","","","","","","0","","","","0","관광호텔업",
"25","관광숙박업","03_11_01_P","5050000","CDFI2260031997000001","1998-12-12","","02","휴업","02","휴업","","2024-02-07","2025-02-06","","0507-1424-5522","","","경상북도 경주시 신평동 452-1 경주조선온천호텔","경상북도 경주시 보문로 407, 경주조선온천호텔 (신평동)","38116","경주조선온천호텔","2024-07-31 11:57:37","U","2024-08-02 02:40:00","","406371.79518767","263157.990882388","관광숙박업","관광사업","","6","","","","","5","1","0","0","Gyeongju Chosun Spa Hotel","Tourist Accommodations(Tourist Hotels)","0","0","","0","0","","0","14134.49","","0","","","","","","","0","","","","14134","관광호텔업",
"26","관광숙박업","03_11_01_P","5050000","CDFI2260032006000002","2006-04-25","","02","휴업","02","휴업","","2024-09-02","2025-09-30","","1588-4888","","","경상북도 경주시 신평동 400-1 소노벨","경상북도 경주시 보문로 402-12, 대명리조트 (신평동)","38117","소노벨 경주","2024-12-18 11:16:15","U","2024-12-20 02:40:00","","406118.323266086","263079.41944442","관광숙박업","관광사업","","14","","","","콘도미니엄","12","2","417","0","","","0","0","","0","0","","0","53394.59","","0","","","","","","","5000000000","","","","53395","휴양콘도미니엄업",
"27","관광숙박업","03_11_01_P","5050000","CDFI2260032004000001","2004-11-26","","03","폐업","03","폐업","2012-12-27","","","","","","780-932","경상북도 경주시 노서동 130-6번지","","","(주)관광호텔벨루스","2012-12-27 14:52:20","I","2018-08-31 23:59:59","","399158.111728533","262438.224549841","관광숙박업","관광사업","","","","","","","1","4","","","","","","","","","","","","2018.93","","","","","","","","","","","","","2019","",
"28","관광숙박업","03_11_01_P","5050000","CDFI2260032004000002","2004-07-30","","03","폐업","03","폐업","2012-07-03","","","","054-744-5500","","","경상북도 경주시 외동읍 괘릉리 1233 경주토비스콘도","경상북도 경주시 외동읍 영지로 636, 경주토비스콘도","38203","(주)토비스지앤지","2021-11-11 13:30:58","U","2021-11-13 02:40:00","","408757.414379558","253912.377872526","관광숙박업","관광사업","","8","","","","","7","1","0","0","","","0","0","","0","0","","0","0","","0","","","","","","","80000000000","","","","0","",
"29","관광숙박업","03_11_01_P","5050000","CDFI2260031990000001","1990-07-19","","03","폐업","03","폐업","2018-10-24","","","","054-745-7123","","780-290","경상북도 경주시 신평동 645번지","경상북도 경주시 보문로 371 (신평동)","38116","주식회사 더스타일하우스","2018-10-24 18:19:02","U","2018-10-26 02:36:00","","406138.580830785","263309.1870922","관광숙박업","","","","","","","","","","","","","","","","","","","","","","","","","","","","","","","","","","","관광호텔업",
"30","관광숙박업","03_11_01_P","5050000","CDFI2260032001000001","2001-06-04","","03","폐업","03","폐업","2016-08-02","","","","054-745-7000","","780-290","경상북도 경주시 신평동 410번지","경상북도 경주시 보문로 404 (신평동)","38117","콩코드호텔","2016-08-18 16:44:26","I","2018-08-31 23:59:59","","406283.87171181","262954.63348393","관광숙박업","","","","","","","","","","","","","","","","","","","","","","","","","","","","","","","","","","","관광호텔업",
"31","관광숙박업","03_11_01_P","5050000","CDFI2260032008000001","2008-11-06","","03","폐업","03","폐업","2024-10-18","","","","054-778-5301","","780-280","경상북도 경주시 북군동 110-9","경상북도 경주시 보문로 280-12 (북군동)","38117","(주)교원프라퍼티 키녹","2024-10-28 09:10:00","U","2024-10-30 02:40:00","","405679.37027616","263931.396403666","관광숙박업","","","0","","","","","0","0","0","0","","","0","0","","0","0","","0","0","","0","","","","","","","0","","","","0","관광호텔업",
"32","관광숙박업","03_11_01_P","5050000","CDFI2260032020000002","2020-07-16","","03","폐업","03","폐업","2023-02-07","","","","054-776-7527","","","경상북도 경주시 감포읍 오류리 309-7","경상북도 경주시 감포읍 감포로 344","38125","더-영 호스텔","2023-08-24 14:08:34","U","2023-08-26 02:40:00","","426857.110565393","260444.284908732","관광숙박업","","","","","","","","","","","","","","","","","","","","","860.85","","","","","","","","","","","","","861","호스텔업",
"33","관광숙박업","03_11_01_P","5050000","CDFI2260032020000003","2020-12-28","","03","폐업","03","폐업","2023-02-07","","","","054-776-7527","","","경상북도 경주시 감포읍 오류리 309-4","경상북도 경주시 감포읍 감포로 348, 2층","38125","더-영 호스텔 Ⅱ","2023-08-24 14:08:47","U","2023-08-26 02:40:00","","426847.406946354","260469.87220994","관광숙박업","","일반주거지역","","주택가주변","","","호텔","","","","","","","","","","","","","","435.51","","","","","","","","","100000000","","","","436","호스텔업",
"34","관광숙박업","03_11_01_P","5050000","CDFI2260032023000002","2023-07-24","","01","영업/정상","13","영업중","","","","","0547012388","","","경상북도 경주시 감포읍 오류리 566-1","경상북도 경주시 감포읍 감포로 250","38125","경주 에스앤비 풀빌라 호스텔","2024-11-25 15:43:16","U","2024-11-27 02:40:00","","426783.560147995","259593.019168889","관광숙박업","","일반주거지역","5","","","","숙박시설","4","1","8","0","","","0","0","","0","0","","0","1042.02","","0","","","","","","","3000000000","","","","1042","호스텔업",
"35","관광숙박업","03_11_01_P","5050000","CDFI2260032002000001","1995-07-01","","01","영업/정상","13","영업중","","","","","054-745-8100","","780-290","경상북도 경주시 신평동 150-2","경상북도 경주시 엑스포로 45 (신평동)","38116","더케이호텔경주","2024-07-31 10:35:32","U","2024-08-02 02:40:00","","406974.008886349","262180.620188077","관광숙박업","관광사업","","0","","","","","0","0","0","0","","","0","0","","0","0","","0","0","","0","","","","","","","0","","","","0","관광호텔업",
"36","관광숙박업","03_11_01_P","5050000","CDFI2260032003000001","2003-08-15","","01","영업/정상","13","영업중","","","","","1600-8668","","780-843","경상북도 경주시 양남면 신대리 1265","경상북도 경주시 양남면 동남로 1021","780-843","마우나오션 콘도미니엄","2024-07-31 10:36:16","U","2024-08-02 02:40:00","","414395.629522232","245291.2743122","관광숙박업","관광사업","","6","","","","콘도미니엄","6","0","204","21090","","","0","0","","0","0","","0","21090.3","","0","","","","","","","0","","","","21090","휴양콘도미니엄업",
"37","관광숙박업","03_11_01_P","5050000","CDFI2260032003000002","2003-12-24","","01","영업/정상","13","영업중","","","","","054-744-1199","","","경상북도 경주시 신평동 601-19 일성경주보문콘도","경상북도 경주시 보문로 365, 일성경주보문콘도 (신평동)","38116","일성보문콘도미니엄","2024-07-31 10:47:43","U","2024-08-02 02:40:00","","406006.834843913","263329.635881051","관광숙박업","관광사업","","0","","","","","0","0","0","0","","","0","0","","0","0","","0","0","","0","","","","","","","0","","","","0","휴양콘도미니엄업",
"38","관광숙박업","03_11_01_P","5050000","CDFI2260031978000001","1978-09-12","","01","영업/정상","13","영업중","","","","","054-746-9001","","","경상북도 경주시 마동 111-1","경상북도 경주시 불국로 289-17, 코오롱호텔 (마동)","38126","코오롱호텔","2024-07-31 10:31:57","U","2024-08-02 02:40:00","","409841.988770145","256679.798847849","관광숙박업","관광사업","","0","","","","","0","0","305","0","Kolon Hotel Mauna Ocean Development Co. Ltd","Tourist Accommodations(Tourist Hotels)","0","0","","0","0","","0","0","","0","","","","","","","0","","","","0","관광호텔업",
"39","관광숙박업","03_11_01_P","5050000","CDFI2260031991000001","1991-04-19","","01","영업/정상","13","영업중","","","","","054-745-7788","","","경상북도 경주시 신평동 370 경주힐튼호텔/우양미술관","경상북도 경주시 보문로 484-7, 경주힐튼호텔/우양미술관 (신평동)","38117","힐튼호텔 경주","2024-07-31 10:32:40","U","2024-08-02 02:40:00","","406465.878338666","262473.494405346","관광숙박업","관광사업","","0","","","","","0","0","330","0","","","0","0","","0","0","","0","0","","0","","","","","","","0","","","","0","관광호텔업",
"40","관광숙박업","03_11_01_P","5050000","CDFI2260031992000001","1992-07-03","","01","영업/정상","13","영업중","","","","","054-748-2233","","780-290","경상북도 경주시 신평동 477-2","경상북도 경주시 보문로 338 (신평동)","38117","주식회사 라한호텔(경주)","2025-02-14 18:12:58","U","2025-02-16 02:40:00","","405637.817167632","263521.411175221","관광숙박업","","","0","","","","숙박시설","0","0","430","8912","","","0","0","","0","0","","0","0","","0","","","","","","","0","","","","0","관광호텔업",
"41","관광숙박업","03_11_01_P","5050000","CDFI2260031995000001","1995-02-16","","01","영업/정상","13","영업중","","","","","054-748-8400","","780-280","경상북도 경주시 북군동 11-1","경상북도 경주시 보문로 182-29 (북군동)","38116","(주)이랜드파크 켄싱턴리조트 경주","2024-07-31 10:33:34","U","2024-08-02 02:40:00","","404841.798099653","264595.723082789","관광숙박업","관광사업","","0","","","","","0","0","0","0","E-Land Leisurvice Co. Ltd Kensington Resort Gyeongju","Tourist Accommodations(Tourist Condominiums)","0","0","","0","0","","0","0","","0","","","","","","","0","","","","0","휴양콘도미니엄업",
"42","관광숙박업","03_11_01_P","5050000","CDFI2260031998000001","1998-12-30","","01","영업/정상","13","영업중","","","","","054-748-4848","","","경상북도 경주시 신평동 242-19","경상북도 경주시 보문로 465-37 (신평동)","38116","베니키아 스위스로젠 호텔","2024-11-07 09:08:28","U","2024-11-09 02:40:00","","407057.244474441","262465.022147462","관광숙박업","","","0","","","","","0","0","0","0","","","0","0","","0","0","","0","0","","0","","","","","","","0","","","","0","관광호텔업",
"43","관광숙박업","03_11_01_P","5050000","CDFI2260032004000003","2011-10-13","","01","영업/정상","13","영업중","","","","","054-701-0090","","","경상북도 경주시 노서동 170-1","경상북도 경주시 태종로699번길 3, 경주지지관광호텔 (노서동)","38157","경주지지관광호텔","2025-02-14 18:13:12","U","2025-02-16 02:40:00","","399106.474227057","262107.235004903","관광숙박업","관광사업","준주거지역","6","학교정화(상대)","","","호텔","5","1","53","4641","","","0","0","","0","0","","0","4641.17","","0","","","","","","","0","","","","4641","관광호텔업",
"44","관광숙박업","03_11_01_P","5050000","CDFI2260032006000001","1996-03-30","","01","영업/정상","13","영업중","","","","","054-777-8900","","","경상북도 경주시 북군동 30-3 경주한화리조트","경상북도 경주시 보문로 182-27, 경주한화리조트 (북군동)","38116","한화호텔앤드리조트(주) 경주휴양콘도미니엄","2025-01-09 13:15:50","U","2025-01-11 02:40:00","","404996.63904875","264534.014071404","관광숙박업","관광사업","","8","","","","콘도미니엄","8","0","0","0","","","0","0","","0","0","","0","28444.26","","0","","","","","","","0","","","","28444","휴양콘도미니엄업",
"45","관광숙박업","03_11_01_P","5050000","CDFI2260032007000001","1979-03-10","","01","영업/정상","13","영업중","","","","","054-740-8100","","780-290","경상북도 경주시 신평동 410-2","경상북도 경주시 보문로 422 (신평동)","38117","코모도호텔 경주","2024-07-31 10:54:18","U","2024-08-02 02:40:00","","406380.199054323","262867.095463819","관광숙박업","","","0","","","","","0","0","0","0","Commodore Hotel Gyeong-Ju","Tourist Accommodations(Tourist Hotels)","0","0","","0","0","","0","0","","0","","","","","","","0","","","","0","관광호텔업",
"46","관광숙박업","03_11_01_P","5050000","CDFI2260032010000001","2010-07-05","","01","영업/정상","13","영업중","","","","","054-776-0071","","780-290","경상북도 경주시 신평동 719-70","경상북도 경주시 엑스포로 55-12 (신평동)","38116","신라밀레니엄 라궁","2024-07-31 11:35:39","U","2024-08-02 02:40:00","","407429.947428169","261792.468889804","관광숙박업","","","0","","","","","0","0","0","0","","","0","0","","0","0","","0","0","","0","","","","","","","0","","","","0","한국전통호텔업",
"47","관광숙박업","03_11_01_P","5050000","CDFI2260032011000001","2011-05-30","","01","영업/정상","13","영업중","","","","","054-778-9200","","","경상북도 경주시 천군동 1686","경상북도 경주시 천군로 95-32 (천군동)","38118","강동리조트","2024-07-31 11:36:14","U","2024-08-02 02:40:00","","406781.38157328","260520.562018772","관광숙박업","","","6","기타","","","콘도미니엄","5","1","295","59196","","","0","0","","0","0","","0","23918.02","","0","","","","","","","0","","","","23918","휴양콘도미니엄업",
"48","관광숙박업","03_11_01_P","5050000","CDFI2260032013000001","2013-05-03","","01","영업/정상","13","영업중","","","","","0507-1336-0078","","780-948","경상북도 경주시 성동동 175-17","경상북도 경주시 원화로340번길 12 (성동동)","38147","호스텔 다현","2024-07-31 11:37:01","U","2024-08-02 02:40:00","","400296.38389999","263394.31964314","관광숙박업","","상업지역","4","주택가주변","","","숙박시설","4","0","0","0","","","0","0","","0","0","","0","537.94","","0","","","","","","","0","","","","538","호스텔업",
"49","관광숙박업","03_11_01_P","5050000","CDFI2260032015000001","2015-07-23","","01","영업/정상","13","영업중","","","","","0507-1381-0024","","780-400","경상북도 경주시 진현동 850-17","경상북도 경주시 영불로 207 (진현동)","38127","아리수 경주 호텔","2024-07-31 11:37:54","U","2024-08-02 02:40:00","","410132.115289677","255989.871705949","관광숙박업","","상업지역","6","","","","호텔","6","1","0","0","","","0","0","","0","0","","0","1.61","","0","","","","","","","1000000000","","","","2","관광호텔업",
"50","관광숙박업","03_11_01_P","5050000","CDFI2260032017000001","2017-07-28","","01","영업/정상","13","영업중","","","","","0507-1423-0909","","","경상북도 경주시 노서동 117-2","경상북도 경주시 태종로727번길 31 (노서동)","38158","청춘게스트하우스 호스텔","2024-07-31 11:38:53","U","2024-08-02 02:40:00","","399394.54290965","262442.450281649","관광숙박업","","일반상업지역","2","학교정화(상대)","","","숙박시설","2","0","11","326","","","0","0","","0","0","","0","326.1","","0","","","","","","","800000000","","","","326","호스텔업",
"51","관광숙박업","03_11_01_P","5050000","CDFI2260032018000001","2018-06-14","","01","영업/정상","13","영업중","","","","","070-4468-1613","","","경상북도 경주시 감포읍 오류리 595 감포요트텔","경상북도 경주시 감포읍 감포로 226-4, 감포요트텔","38125","노벰버리조트","2024-01-18 13:48:35","U","2024-01-20 02:40:00","","426725.752394056","259350.822551903","관광숙박업","","주거지역","4","","","","숙박시설","4","1","39","0","Gyeongju November Resort kids&Spa","Tourist Accommodations(Hostel)","0","0","","0","0","","0","0","","0","","","","","","","0","","","","0","호스텔업",
"52","관광숙박업","03_11_01_P","5050000","CDFI2260032019000001","2019-07-19","","01","영업/정상","13","영업중","","","","","0507-1338-5442","","","경상북도 경주시 진현동 611-124","경상북도 경주시 영불로 248 (진현동)","38127","경주 키즈&가족호텔","2024-07-31 11:40:30","U","2024-08-02 02:40:00","","410448.923320562","256248.330968912","관광숙박업","","일반상업지역","3","","","","숙박시설","2","1","0","0","","","0","0","","0","0","","0","1421.25","","0","","","","","","","0","","","","1421","호스텔업",
"53","관광숙박업","03_11_01_P","5050000","CDFI2260032023000001","2023-06-09","","01","영업/정상","13","영업중","","","","","054-773-8000","","","경상북도 경주시 황성동 1067-10","경상북도 경주시 광중길 11 (황성동)","38070","체스터톤스 경주 더 테라스 호텔","2025-02-11 19:01:37","U","2025-02-13 02:40:00","","400859.465806938","266649.197008026","관광숙박업","","준공업지역","0","","","","숙박시설","0","0","81","4972","THE TERRACE HOTEL","Tourist Accommodations(Tourist Hotels)","0","0","","0","0","","0","4971.54","","0","","","","","","","0","","","","4972","관광호텔업",
"54","관광숙박업","03_11_01_P","5050000","CDFI2260032022000001","2022-01-18","","01","영업/정상","13","영업중","","","","","054-745-5100","","","경상북도 경주시 외동읍 괘릉리 1233","경상북도 경주시 외동읍 영지로 636, 성호리조트","38203","(주)성호리조트","2024-07-31 11:42:57","U","2024-08-02 02:40:00","","408757.414379558","253912.377872526","관광숙박업","","자연녹지지역","9","기타","","","콘도미니엄","7","2","0","0","","","0","0","","0","0","","0","16176.1","","0","","","","","","","0","","","","16176","휴양콘도미니엄업",
"55","관광숙박업","03_11_01_P","5050000","CDFI2260032024000002","2024-03-28","","01","영업/정상","13","영업중","","","","","0507-1422-5860","","","경상북도 경주시 감포읍 팔조리 125-6","경상북도 경주시 감포읍 경감로 2807-16, 2-3층","38123","블루픽셀 스테이","2024-07-31 11:47:04","U","2024-08-02 02:40:00","","423641.868087487","256741.509846963","관광숙박업","","","3","","","","","0","0","4","0","","","0","0","","0","0","","0","297.75","","0","","","","","","","0","","","","298","호스텔업",
"56","관광숙박업","03_11_01_P","5050000","CDFI2260032024000001","2024-02-21","","01","영업/정상","13","영업중","","","","","070-4364-9362","","","경상북도 경주시 노동동 140-3","경상북도 경주시 계림로 109 (노동동)","38154","황남inn","2024-07-31 11:45:14","U","2024-08-02 02:40:00","","399908.030670941","262687.015028004","관광숙박업","","일반상업지역","3","","","","","3","0","5","218","","","0","0","","0","0","","0","217.8","","0","","","","","","","100000000","","","","218","호스텔업",
"57","관광숙박업","03_11_01_P","5050000","CDFI2260032020000001","2020-07-16","","01","영업/정상","13","영업중","","","","","0507-1488-6011","","","경상북도 경주시 천북면 화산리 834-1","경상북도 경주시 천북면 천강로 295-60","38035","케이호텔","2024-12-10 17:25:37","U","2024-12-12 02:40:00","","405744.14369862","270795.189181982","관광숙박업","","","0","","","","","0","0","0","0","","","0","0","","0","0","","0","2118.96","","0","","","","","","","0","","","","2119","관광호텔업",
"58","관광숙박업","03_11_01_P","5050000","CDFI2260032021000001","2021-06-02","","01","영업/정상","13","영업중","","","","","","","","경상북도 경주시 감포읍 대본리 379","경상북도 경주시 감포읍 동해안로 1594","38123","엘라포니시 풀빌라&호텔","2024-07-31 11:42:24","U","2024-08-02 02:40:00","","425423.428926716","253111.298983518","관광숙박업","","관리지역","6","기타","","","숙박시설","4","2","52","4553","","","0","0","","0","0","","0","4552.79","","0","","","","","","","0","","","","4553","관광호텔업",
"59","관광숙박업","03_11_01_P","5050000","CDFI2260032023000003","2023-12-11","","01","영업/정상","13","영업중","","","","","","","","경상북도 경주시 감포읍 오류리 151-10","경상북도 경주시 감포읍 동해안로 2626","38124","샵앤플랫 호텔","2024-07-31 11:44:41","U","2024-08-02 02:40:00","","427208.538229523","262290.893467267","관광숙박업","","관리지역","5","","","","숙박시설","4","1","30","2738","","","0","0","","0","0","","0","2763","","0","","","","","","","0","","","","2763","관광호텔업",
"60","관광숙박업","03_11_01_P","5050000","CDFI2260032002000002","2002-09-11","2016-12-29","04","취소/말소/만료/정지/중지","31","등록취소","","","","","","","780-400","경상북도 경주시 진현동 850-1번지","경상북도 경주시 영불로 223 (진현동)","38127","사조리조트 경주휴양콘도미니엄","2016-12-29 16:40:30","I","2018-08-31 23:59:59","","410221.401616073","256134.650719786","관광숙박업","","일반상업지역","5","기타","","","콘도미니엄","4","1","","","","","","","","","","","","14327.67","","","","","","","","","","","","","14328","",
"61","관광숙박업","03_11_01_P","5060000","CDFI2260031999000001","1999-12-10","","02","휴업","02","휴업","","2019-11-19","2025-11-18","","","","740-977","경상북도 김천시 부곡동 575","경상북도 김천시 송설로 146 (부곡동)","740-977","(주)김천그랜드호텔","2024-01-17 15:20:20","U","2024-01-20 02:40:00","","298979.999732041","291987.025537525","관광숙박업","관광사업","","0","","","","","0","0","0","0","KIMCHEON GRAND TOURIST HOTEL","TOURIST ACCOMMODATIONS(TOURIST HOTELS)","0","0","","0","0","","0","0","","0","","","","","","","0","","","","0","관광호텔업",
"62","관광숙박업","03_11_01_P","5060000","CDFI2260032003000001","2003-08-25","","03","폐업","03","폐업","2005-09-12","","","","","","740-010","경상북도 김천시 모암동 140-1번지","경상북도 김천시 모암길 3  (모암동)","","김천관광호텔","2005-09-12 18:16:39","I","2018-08-31 23:59:59","","301408.904039194","291723.325304203","관광숙박업","관광사업","일반상업지역","6","기타","","","호텔","6","1","","","","","","","","","","","","5369","","","","","","","","","700000000","","","","5369","",
"63","관광숙박업","03_11_01_P","5060000","CDFI2260031998000001","1998-01-12","","01","영업/정상","13","영업중","","","","","054-437-8000","","740-812","경상북도 김천시 대항면 향천리 327-3번지","경상북도 김천시 대항면 황학동길 35-23","39565","김천파크관광호텔","2020-03-16 13:08:16","U","2020-03-18 02:40:00","","291482.732670887","291098.427573369","관광숙박업","관광사업","","4","","","","","4","","40","6086","","","","","","","","","","1897.42","","","","","","","","","","","","","1897","관광호텔업",
"64","관광숙박업","03_11_01_P","5070000","CDFI2260031989000001","1989-08-02","","03","폐업","03","폐업","2008-05-14","","","","859-1500","","760-110","경상북도 안동시 운흥동 324번지","경상북도 안동시 경동로 707  (운흥동)","","(주)안동파크관광호텔","2008-05-14 13:56:36","I","2018-08-31 23:59:59","","355286.801004671","341716.032654031","관광숙박업","관광사업","일반상업지역","5","","","","","4","1","","","","","","","","","","","","3837","","","","","","","","","","","","","3837","",
"65","관광숙박업","03_11_01_P","5070000","CDFI2260032023000001","2023-09-05","","01","영업/정상","13","영업중","","","","","","","","경상북도 안동시 용상동 1419-5","경상북도 안동시 용상북길 1-1 (용상동)","36711","사적공간","2023-09-05 13:39:02","I","2023-09-07 00:18:12","","356334.184788888","341642.976109031","관광숙박업","","일반주거지역","4","","","","기타","4","0","2","391","","","0","0","","0","0","","0","390.86","","0","","","","","","","665000000","","","","391","호스텔업",
"66","관광숙박업","03_11_01_P","5070000","CDFI2260032024000001","2024-09-25","","01","영업/정상","13","영업중","","","","","054-288-5300","","","경상북도 안동시 풍천면 가곡리 1295 안동 스탠포드 호텔","경상북도 안동시 풍천면 도청대로 400, 스탠포드호텔안동","36759","스탠포드호텔안동 주식회사","2025-01-13 09:45:50","U","2025-01-15 02:40:00","","335039.551338297","341894.929704674","관광숙박업","","일반상업지역","8","","","","숙박시설","7","1","150","15656","","","0","0","","0","0","","0","11643.92","","0","","","","","","","0","","","","11644","관광호텔업",
"67","관광숙박업","03_11_01_P","5070000","CDFI2260032020000001","2020-05-04","","01","영업/정상","13","영업중","","","","","","","","경상북도 안동시 정하동 391-2","경상북도 안동시 뒨지게길 22-10 (정하동)","36747","더스터닝","2021-01-25 10:10:47","U","2021-01-27 02:40:00","","353927.709479837","340218.363656183","관광숙박업","","일반주거지역","2","","","","","2","","6","568","","","","","","","","","","568","","","","","","","","","","","","","568","호스텔업",
"68","관광숙박업","03_11_01_P","5070000","CDFI2260032020000002","2020-08-05","","01","영업/정상","13","영업중","","","","","054-853-0207","","","경상북도 안동시 광석동 108-4","경상북도 안동시 광석2길 29-15 (광석동)","36697","킹덤호스텔","2022-12-02 09:26:55","U","2022-12-04 02:40:00","","354003.440974165","341936.264843462","관광숙박업","","일반상업지역","5","","","","","4","1","20","987","","","","","","","","","","986.63","","","","","","","","","600000000","","","","987","호스텔업",
"69","관광숙박업","03_11_01_P","5070000","CDFI2260032012000001","2012-10-11","","01","영업/정상","13","영업중","","","","","054-850-9700","","760-901","경상북도 안동시 성곡동 1546","경상북도 안동시 관광단지로 346-69 (성곡동)","36710","리첼호텔","2025-02-28 10:30:59","U","2025-03-02 02:40:00","","359447.935402931","342267.962822675","관광숙박업","","자연녹지지역","10","","","","호텔","8","2","90","14711","","","0","0","","0","0","","0","9070","","0","","","","","","","30000000","","","","9070","가족호텔업",
"70","관광숙박업","03_11_01_P","5070000","CDFI2260032015000001","2015-06-03","","01","영업/정상","13","영업중","","","","","","","760-300","경상북도 안동시 송현동 666-11","경상북도 안동시 호암길 13 (송현동)","760-300","안동호스텔1호점","2022-04-05 14:43:06","U","2022-04-07 02:40:00","","350091.090176654","342639.613429337","관광숙박업","","일반주거지역","4","주택가주변","","","숙박시설","4","0","12","377","ANDONG-IN GUEST HOUSE","","","","","","","","","","","","","","","","","","","","","","","호스텔업",
"71","관광숙박업","03_11_01_P","5070000","CDFI2260032015000002","2015-10-15","","01","영업/정상","13","영업중","","","","","054-851-9000","","","경상북도 안동시 성곡동 1569","경상북도 안동시 관광단지로 346-84 (성곡동)","36710","안동 그랜드 호텔","2023-11-23 09:45:03","U","2023-11-25 02:40:00","","359290.841357823","342128.891688611","관광숙박업","","","10","기타","","","","9","1","77","20007","","","0","0","","0","0","","0","200006.7","","0","","","","","","","0","","","","200007","관광호텔업",
"72","관광숙박업","03_11_01_P","5070000","CDFI2260032015000003","2015-11-10","","01","영업/정상","13","영업중","","","","","","","","경상북도 안동시 용상동 1553-8","경상북도 안동시 용상북1길 51 (용상동)","36711","베네치아 호스텔","2021-02-04 11:31:09","U","2021-02-06 02:40:00","","356294.586032933","341571.772736019","관광숙박업","","일반주거지역","5","기타","","","숙박시설","1","4","5","499","","","","","","","","","","312.3","","","","","","","","","","","","","312","호스텔업",
"73","관광숙박업","03_11_01_P","5070000","CDFI2260032017000001","2017-12-22","","01","영업/정상","13","영업중","","","","","","","","경상북도 안동시 노하동 659","경상북도 안동시 노하2길 19-5 (노하동)","36623","안동풍경 호스텔 n LIBRARY","2021-11-04 14:27:15","U","2021-11-06 02:40:00","","350335.114247646","343243.70311719","관광숙박업","","","5","","","","숙박시설","5","0","9","504","","","0","0","","0","0","","0","504.19","","0","","","","","","","0","","","","504","호스텔업",
"74","관광숙박업","03_11_01_P","5070000","CDFI2260032018000001","2018-09-19","","01","영업/정상","13","영업중","","","","","054-853-7800","","","경상북도 안동시 풍천면 갈전리 1296-1","경상북도 안동시 풍천면 검무로 10-17","36759","씨엠파크호텔 주식회사","2025-02-28 10:23:47","U","2025-03-02 02:40:00","","333758.198827253","342658.955864489","관광숙박업","","일반상업지역","15","","","","호텔","13","2","62","4990","","","0","0","","0","0","","0","233.43","","0","","","","","","","0","","","","233","관광호텔업",
"75","관광숙박업","03_11_01_P","5070000","CDFI2260032022000001","2022-09-22","","01","영업/정상","13","영업중","","","","","","","","경상북도 안동시 와룡면 중가구리 236-7","경상북도 안동시 와룡면 동악골길 95","36611","펜션달안동","2022-09-30 17:20:57","U","2022-10-02 02:40:00","","358920.547683543","345148.738897287","관광숙박업","","","4","","","","","0","0","9","0","","","0","0","","0","0","","0","131","","0","","","","","","","0","","","","131","호스텔업",
"76","관광숙박업","03_11_01_P","5070000","CDFI2260032021000001","2021-04-13","","01","영업/정상","13","영업중","","","","","","","","경상북도 안동시 정하동 391-2","경상북도 안동시 예일길 22 (정하동)","36747","더스터닝-2","2022-05-06 16:46:43","U","2022-05-08 02:40:00","","353927.709479837","340218.363656183","관광숙박업","","일반주거지역","1","","","","숙박시설","1","","4","433","","","","","","","","","","433.23","","","","","","","","","1600000000","","","","433","호스텔업",
"77","관광숙박업","03_11_01_P","5070000","CDFI2260032023000002","2023-11-08","","01","영업/정상","13","영업중","","","","","054-853-1000","","","경상북도 안동시 풍산읍 안교리 598","경상북도 안동시 풍산읍 풍산태사로 1023-6","36621","브라운도트 풍산점","2024-04-27 15:06:29","U","2024-04-29 02:40:00","","340529.544307726","343145.377244992","관광숙박업","","일반상업지역","5","","","한화손해보험","숙박시설","5","0","40","2151","","","0","0","","0","0","","0","2150.85","","0","","","","","","","450000000","","","","2151","관광호텔업",
"78","관광숙박업","03_11_01_P","5080000","CDFI2260032002000001","2002-12-30","","02","휴업","02","휴업","","2024-05-01","2025-04-30","","","","730-050","경상북도 구미시 남통동 150-1","경상북도 구미시 금오산로 217-16 (남통동)","","파크비지니스관광호텔","2025-01-16 16:09:26","U","2025-01-18 02:40:00","","319209.681097803","292014.557333056","관광숙박업","관광사업","자연녹지지역","9","","","","호텔","7","2","45","774","","","0","0","","0","0","","0","1029.11","","0","","","","","","","0","","","","1029","관광호텔업",
"79","관광숙박업","03_11_01_P","5080000","CDFI2260031987000001","1987-11-24","","03","폐업","03","폐업","2013-07-04","","","","054-464-6000","","730-903","경상북도 구미시 공단동 205번지","경상북도 구미시 1공단로5길 86-15 (공단동)","","호텔비에스","2013-07-04 14:30:16","I","2018-08-31 23:59:59","","323915.735527939","290846.002098164","관광숙박업","관광사업","준공업지역","4","기타","","","호텔","4","1","","","","","","","","","","","","2997","","","","","","","","","","","","","2997","",
"80","관광숙박업","03_11_01_P","5080000","CDFI2260031989000001","1990-09-01","","03","폐업","03","폐업","2008-08-06","","","","451-3700","","730-922","경상북도 구미시 원평동 130-30번지","","","금오관광호텔","2016-11-23 13:54:09","I","2018-08-31 23:59:59","","319897.050194469","292858.800758745","관광숙박업","관광사업","","","","","","","","","","","","","","","","","","","","","","","","","","","","","","","","","","",
"81","관광숙박업","03_11_01_P","5080000","CDFI2260031989000002","1989-12-26","","03","폐업","03","폐업","2014-06-18","","","","054-451-2000","","730-924","경상북도 구미시 원평동 1032-5번지","경상북도 구미시 금오시장로 12  (원평동)","","구미관광호텔","2014-06-18 16:44:20","I","2018-08-31 23:59:59","","320656.0967602","292532.694308294","관광숙박업","관광사업","일반상업지역","7","유흥업소밀집지역","","","호텔","7","1","","","","","","","","","","","","880.7","","","","","","","","","","","","","881","",
"82","관광숙박업","03_11_01_P","5080000","CDFI2260031993000001","1999-12-28","","03","폐업","03","폐업","2006-12-04","","","","482-0225","","730-804","경상북도 구미시 선산읍 동부리 327-5번지","경상북도 구미시 선산읍 선산대로 1408","","선산관광호텔","2006-12-06 09:12:02","I","2018-08-31 23:59:59","","317193.033604751","305165.755171683","관광숙박업","관광사업","","","","","","","","","","","","","","","","","","","","","","","","","","","","","","","","","","",
"83","관광숙박업","03_11_01_P","5080000","CDFI2260031993000002","1993-05-13","","03","폐업","03","폐업","2014-06-16","","","","054-461-8815","","730-903","경상북도 구미시 공단동 199-1번지","경상북도 구미시 1공단로7길 86-13 (공단동)","","리오관광호텔","2014-06-17 09:39:31","I","2018-08-31 23:59:59","","324107.090149177","290815.563108035","관광숙박업","관광사업","준공업지역","5","기타","","","호텔","5","1","","","","","","","","","","","","1967","","","","","","","","","","","","","1967","",
"84","관광숙박업","03_11_01_P","5080000","CDFI2260031998000001","1998-02-13","","03","폐업","03","폐업","2009-04-07","","","","054-451-3600","","730-924","경상북도 구미시 원평동 964-64번지","경상북도 구미시 금오산로 53-4 (원평동)","","캐피탈관광호텔","2013-05-16 13:54:05","I","2018-08-31 23:59:59","","320341.528846528","292682.054763132","관광숙박업","관광사업","일반상업지역","7","유흥업소밀집지역","","","호텔","7","2","","","","","","","","","","","","884.93","","","","","","","","","","","","","885","",
"85","관광숙박업","03_11_01_P","5080000","CDFI2260032003000001","2003-06-25","","03","폐업","03","폐업","2020-01-15","","","","054)474-0110","","730-932","경상북도 구미시 황상동 321-33번지","경상북도 구미시 인동중앙로3길 44-4 (황상동)","39430","예스관광호텔","2020-01-16 13:01:14","U","2020-01-18 02:40:00","","327700.826747458","290866.244569362","관광숙박업","관광사업","일반상업지역","9","유흥업소밀집지역","","","호텔","9","1","","","","","","","","","","","","4004.8","","","","","","","","","","","","","4005","관광호텔업",
"86","관광숙박업","03_11_01_P","5080000","CDFI2260032008000001","2008-10-07","","03","폐업","03","폐업","2015-11-30","","","","","","730-932","경상북도 구미시 황상동 305-51번지","경상북도 구미시 인동중앙로3길 20 (황상동)","39430","킴스호텔","2015-12-18 10:40:34","I","2018-08-31 23:59:59","","327746.550170945","290674.111805038","관광숙박업","관광사업","일반상업지역","7","유흥업소밀집지역","","","숙박시설","7","1","","","","","","","","","","","","1758.7","","","","","","","","","130000000","","","","1759","관광호텔업",
"87","관광숙박업","03_11_01_P","5080000","CDFI2260032012000001","2012-03-16","","03","폐업","03","폐업","2017-04-14","","","","054-614-3600","","730-925","경상북도 구미시 원평동","경상북도 구미시 송원서로4길 33 (원평동)","39232","구미 LORD 관광호텔","2017-04-17 09:09:56","I","2018-08-31 23:59:59","","321250.004347681","292240.589383002","관광숙박업","","일반상업지역","","","","","숙박시설","4","1","","","","","","","","","","","","1564.1","","","","","","","","","1450000000","","","","1564","관광호텔업",
"88","관광숙박업","03_11_01_P","5080000","CDFI2260032002000002","2002-06-01","","01","영업/정상","13","영업중","","","","","054-478-0100","","","경상북도 구미시 임수동 92-10","경상북도 구미시 3공단1로 296 (임수동)","39391","(주)구미센츄리호텔","2025-01-16 16:02:02","U","2025-01-18 02:40:00","","326228.056185618","290697.11504509","관광숙박업","관광사업","준공업지역","10","기타","","","호텔","10","1","131","0","Gumi century Hotel","Tourist Accomodations","0","0","","0","0","","0","5972.16","","0","","","","","","","0","","","","5972","관광호텔업",
"89","관광숙박업","03_11_01_P","5080000","CDFI2260032004000001","2004-03-27","","01","영업/정상","13","영업중","","","","","054-475-9090","","","경상북도 구미시 인의동 842-4 호텔 스테이 구미","경상북도 구미시 여헌로 9, 호텔 스테이 구미 (인의동)","39433","호텔 스테이 구미","2025-01-16 16:10:13","U","2025-01-18 02:40:00","","328105.030703626","290129.115126117","관광숙박업","관광사업","일반상업지역","9","기타","","","숙박시설","9","1","60","3073","","","0","0","","0","0","","0","2896.24","","0","","","","","","","0","","","","2896","관광호텔업",
"90","관광숙박업","03_11_01_P","5080000","CDFI2260032009000001","2009-06-01","","01","영업/정상","13","영업중","","","","","054-450-4000","","","경상북도 구미시 남통동 산 24-9 금오산관광호텔","경상북도 구미시 금오산로 400, 호텔금오산 (남통동)","39309","(주)호텔금오산","2025-01-16 15:50:29","U","2025-01-18 02:40:00","","317758.376021636","290706.459309142","관광숙박업","","","4","기타","","","숙박시설","4","1","130","0","Hotel Geumosan","Accomodations","0","0","","0","0","","0","19438","","0","","","","","","","9050000400","","","","19438","관광호텔업",
"91","관광숙박업","03_11_01_P","5080000","CDFI2260032014000001","2014-08-18","","01","영업/정상","13","영업중","","","","","054-464-3000","","","경상북도 구미시 공단동 205","경상북도 구미시 1공단로5길 86-15 (공단동)","39367","STAY THE GONGDAN HOTEL","2025-03-05 17:36:57","U","2025-03-07 02:40:00","","323915.735527939","290846.002098164","관광숙박업","","준공업지역","5","기타","","","호텔","4","1","41","4292","","","0","0","","0","0","","0","4292.48","","0","","","","","","","350000000","","","","4292","관광호텔업",
"92","관광숙박업","03_11_01_P","5090000","CDFI2260031990000001","1990-08-20","","03","폐업","03","폐업","2012-04-24","","","","","","750-902","경상북도 영주시 가흥동 531-1","경상북도 영주시 신재로24번길 91 (가흥동)","","(주)소백산관광호텔","2023-12-20 09:20:44","U","2023-12-23 02:40:00","","343488.422177797","371592.066416923","관광숙박업","관광사업","상업지역","7","주택가주변","","","호텔","6","1","0","0","","","0","0","","0","0","","0","158516","","0","","","","","","","0","","","","158516","",
"93","관광숙박업","03_11_01_P","5090000","CDFI2260032005000001","2005-09-13","","01","영업/정상","13","영업중","","","","","054-637-8800","","750-805","경상북도 영주시 풍기읍 성내리 51-15","경상북도 영주시 풍기읍 풍기로 53","36028","풍기관광호텔","2024-06-26 16:42:03","U","2024-06-28 02:40:00","","335889.662122346","375330.010904725","관광숙박업","관광사업","일반상업지역","10","기타","","","호텔","10","1","42","4845","","","0","0","","0","0","","0","2217","","0","","","","","","","8000000000000","","","","2217","관광호텔업",
"94","관광숙박업","03_11_01_P","5090000","CDFI2260032017000001","2017-03-10","","01","영업/정상","13","영업중","","","","","","","","경상북도 영주시 휴천동 316-15","경상북도 영주시 대학로22번길 9 (휴천동)","36118","제제게스트하우스","2024-01-22 17:22:29","U","2024-01-24 02:40:00","","344613.643554382","368858.171137369","관광숙박업","","일반상업지역","2","기타","","","숙박시설","2","0","6","196","","","0","0","","0","0","","0","196.41","","0","","","","","","","0","","","","196","호스텔업",
"95","관광숙박업","03_11_01_P","5090000","CDFI2260032023000001","2023-05-24","","01","영업/정상","13","영업중","","","","","054-638-7070","","","경상북도 영주시 휴천동 328-22 영주리치관광호텔","경상북도 영주시 대학로 15, 영주리치관광호텔 (휴천동)","36126","영주리치관광호텔","2024-01-08 17:25:40","U","2024-01-10 02:40:00","","344726.407761493","368822.658167255","관광숙박업","","일반상업지역","8","기타","","","숙박시설","7","1","35","1939","","","0","0","","0","0","","0","1938.66","","0","","","","","","","0","","","","1939","관광호텔업",
"96","관광숙박업","03_11_01_P","5090000","CDFI2260032021000001","2021-07-14","","01","영업/정상","13","영업중","","","","","054-634-7733","","","경상북도 영주시 가흥동 1729 영주온천관광호텔","경상북도 영주시 대학로240번길 8, 영주온천관광호텔 (가흥동)","36136","영주온천관광호텔","2023-09-01 10:31:00","U","2023-09-03 02:40:00","","343205.113009377","369558.337881021","관광숙박업","","일반상업지역","7","기타","","","숙박시설","6","1","52","10691","","","0","0","","0","0","","0","10690.8","","0","","","","","","","6624841700","","","","10691","관광호텔업",
"97","관광숙박업","03_11_01_P","5100000","CDFI2260032021000001","2021-06-29","","01","영업/정상","13","영업중","","","","","054-333-2717","","","경상북도 영천시 언하동 산 25","경상북도 영천시 상신기길 150 (언하동)","38824","농업회사법인 주식회사 아우노펠리스","2023-10-25 17:09:42","U","2023-10-27 02:40:00","","376358.762158983","279956.804026237","관광숙박업","","관리지역","3","기타","","","숙박시설","1","0","0","0","","","0","0","","0","0","","0","2560","","0","","","","","","","417520000","","","","2560","소형호텔업",
"98","관광숙박업","03_11_01_P","5100000","CDFI2260032018000001","2018-06-26","","01","영업/정상","13","영업중","","","","","054-330-2711","","","경상북도 영천시 화북면 정각리 760-1","경상북도 영천시 화북면 정각길 22","38812","보현산별빛테마마을 본관동","2023-04-12 09:25:30","U","2023-04-14 02:40:00","","379469.416124286","295015.682663293","관광숙박업","","관리지역","1","기타","","","숙박시설","1","0","6","680","Bohyeon Mountain Starry Theme Village","Hostel Lodging Industry","0","0","","0","0","","0","751.84","","0","","","","","","","3800000000","","","","752","호스텔업",
"99","관광숙박업","03_11_01_P","5110000","CDFI2260032004000001","2004-07-02","","03","폐업","03","폐업","2018-08-09","","","","054-536-3900","","742-050","경상북도 상주시 서성동 121-1번지","경상북도 상주시 서성2길 12 (서성동)","37188","상주관광호텔","2018-08-10 15:44:28","I","2018-08-31 23:59:59","","303935.541275373","324627.375000604","관광숙박업","관광사업","일반상업지역","5","기타","","","호텔","4","1","","","","","","","","","","","","4760.09","","","","","","","","","","","","","4760","관광호텔업",
"100","관광숙박업","03_11_01_P","5110000","CDFI2260032008000001","2008-11-05","","01","영업/정상","13","영업중","","","","","054-530-8811","","742-891","경상북도 상주시 모서면 삼포리 462-9","경상북도 상주시 모서면 화현3길 127","","(주)블루원(블루원상주골프리조트 휴양콘도미니엄)","2024-07-12 15:53:17","U","2024-07-14 02:40:00","","284821.995252018","315248.913248957","관광숙박업","관광사업","","","","","","콘도미니엄","3","1","","","","","","","","","","","","5237.17","","","","","","","","","","","","","5237","",
"101","관광숙박업","03_11_01_P","5120000","CDFI2260031990000001","1990-12-07","","03","폐업","03","폐업","2013-09-09","","","","553-8000","","745-885","경상북도 문경시 점촌동 159-4번지","경상북도 문경시 신흥로 173 (점촌동)","745-885","새재관광호텔","2013-09-10 10:41:58","I","2018-08-31 23:59:59","","307543.141074754","344606.804735276","관광숙박업","관광사업","","","","","","호텔","7","1","","","","","","","","","","","","7259.36","","","","","","","","","","","","","7259","",
"102","관광숙박업","03_11_01_P","5120000","CDFI2260031999000001","1999-01-14","","03","폐업","03","폐업","2008-07-11","","","","","","745-812","경상북도 문경시 호계면 별암리 315번지","","","문경그랜드관광호텔","2008-08-06 13:39:56","I","2018-08-31 23:59:59","","305989.906787511","349905.690701801","관광숙박업","관광사업","","","","","","호텔","","","","","","","","","","","","","","4431","","","","","","","","","","","","","4431","",
"103","관광숙박업","03_11_01_P","5120000","CDFI2260032001000001","2001-04-19","","01","영업/정상","13","영업중","","","","","571-8001","","745-801","경상북도 문경시 문경읍 상초리 288-5번지","경상북도 문경시 문경읍 새재2길 32-11","","주식회사 이화관광 (문경새재호텔)","2019-04-09 17:43:59","U","2019-04-11 02:40:00","","296211.183018968","362721.910010602","관광숙박업","관광사업","","4","","","","호텔","3","1","","","MUNGYEONG TOURIST HOTEL CO.LTD","TOURIST ACCOMODATIONS(TOURIST HOTEL)","","","","","","","","5480","","","","","","","","","","","","","5480","관광호텔업",
"104","관광숙박업","03_11_01_P","5120000","CDFI2260032008000001","2008-12-30","","01","영업/정상","13","영업중","","","","","054-460-5000","","745-873","경상북도 문경시 농암면 내서리 257-2","경상북도 문경시 농암면 청화로 509","","STX문경리조트","2024-12-27 15:45:55","U","2024-12-29 02:40:00","","286252.247977551","341315.794122345","관광숙박업","관광사업","관리지역","11","기타","","","콘도미니엄","10","1","","","","","","","","","","","","39763.99","","","","","","","","","3000000000000","","","","39764","휴양콘도미니엄업",
"105","관광숙박업","03_11_01_P","5120000","CDFI2260032012000001","2012-03-19","","01","영업/정상","13","영업중","","","","","054-572-5100","","745-803","경상북도 문경시 문경읍 고요리 1063","경상북도 문경시 문경읍 웰빙타운길 7-12","745-803","(주)문경레저타운 문경새재리조트","2022-03-28 09:01:17","U","2022-03-31 02:40:00","","303558.803717659","360262.393825044","관광숙박업","","관리지역","6","기타","","","콘도미니엄","5","1","66","","","","","","","","","","","7266.27","","","","","","","","","66000000000","","","","7266","휴양콘도미니엄업",
"106","관광숙박업","03_11_01_P","5130000","CDFI2260032001000001","2001-10-10","","03","폐업","03","폐업","2011-08-29","","","","814-2580","","712-881","경상북도 경산시 남천면 협석리 559번지","경상북도 경산시 남천면 경청로 967-6","712-880","(주)석정온천관광호텔","2011-11-07 15:23:51","I","2018-08-31 23:59:59","","356700.246030668","256132.798657445","관광숙박업","관광사업","관리지역","8","기타","","","근린생활시설","6","2","","","","","","","","","","","","2692","","","","","","","","","500000000","","","","2692","",
"107","관광숙박업","03_11_01_P","5130000","CDFI2260031982000001","1982-12-18","","01","영업/정상","13","영업중","","","","","","","712-863","경상북도 경산시 남산면 상대리 528","경상북도 경산시 남산면 상대로116길 18","38571","(주)상대온천관광호텔","2024-10-02 15:26:49","U","2024-10-04 02:40:00","","362001.515216148","254878.026399158","관광숙박업","","관리지역","4","기타","","","호텔","4","1","50","4304","SANGDAE SPA TOURIST HOTEL. CO. LTD","TOURIST ACCOMODATIONS                (TOURIST HOTELS)","0","0","","0","0","","0","8431","","0","","","","","","","0","","","","8431","관광호텔업",
"108","관광숙박업","03_11_01_P","5160000","CDFI2260031989000001","1989-02-28","","01","영업/정상","13","영업중","","","","","054-874-7000","","","경상북도 청송군 청송읍 월막리 69-2","경상북도 청송군 청송읍 중앙로 315 (주왕산관광호텔)","37427","주왕산관광호텔","2023-10-27 14:47:01","U","2023-10-29 02:40:00","","384914.907318707","328082.031508173","관광숙박업","관광사업","","6","주택가주변","","기업보험대리점","호텔","5","1","46","5696","","","0","0","","0","0","","0","1588.68","","0","","","","","","","2400000000","","","","1589","관광호텔업",
"109","관광숙박업","03_11_01_P","5160000","CDFI2260032017000001","2017-06-20","","01","영업/정상","13","영업중","","","","","518-5250","","","경상북도 청송군 주왕산면 하의리 859","경상북도 청송군 주왕산면 주왕산로 494-1","37437","소노벨 청송","2023-09-25 14:23:03","U","2023-09-27 02:40:00","","389363.765288373","321622.036982884","관광숙박업","","관리지역","12","기타","","","콘도미니엄","8","4","314","8104","DAEMYUNG RESORT CHEONGSONG","Tourist Accomodations(Tourist Condominiums)","","","","","","","","36029.19","","","","","","","","","28205260000","","","","36029","휴양콘도미니엄업",
"110","관광숙박업","03_11_01_P","5170000","CDFI2260031999000001","1999-03-15","","02","휴업","02","휴업","","2023-11-07","2025-11-07","","054-683-7000","","764-823","경상북도 영양군 입암면 신구리 101-2","경상북도 영양군 입암면 영양로 873","36546","영양관광호텔","2023-11-10 14:56:07","U","2023-11-12 02:40:00","","386104.562682271","347117.288250341","관광숙박업","","","5","","","","","4","1","0","0","","","0","0","","0","0","","0","6488","","0","","","","","","","0","","","","6488","",
"111","관광숙박업","03_11_01_P","5180000","CDFI2260032006000001","2006-10-31","","02","휴업","02","휴업","","","","","","","766-824","경상북도 영덕군 강구면 삼사리 158번지","경상북도 영덕군 강구면 해상공원길 96-7","","(주)하일라리조트","2018-04-17 11:00:30","I","2018-08-31 23:59:59","","414130.871350336","319333.42351894","관광숙박업","관광사업","","","","","","","","","","","","","","","","","","","","","","","","","","","","","","","","","","",
"112","관광숙박업","03_11_01_P","5180000","CDFI2260031989000001","1989-07-25","","03","폐업","03","폐업","2015-10-08","","","","","","766-841","경상북도 영덕군 남정면 남호리 66-5번지","경상북도 영덕군 남정면 동해대로 4162","","동해비치관광호텔","2015-10-08 16:05:28","I","2018-08-31 23:59:59","","413533.745395243","317043.322935102","관광숙박업","","상업지역","4","기타","","","호텔","3","1","44","3087","","","","","","","","","","822.75","","","","","","","","","","","","","823","관광호텔업",
"113","관광숙박업","03_11_01_P","5180000","CDFI2260032016000001","2016-08-23","","01","영업/정상","13","영업중","","","","","054-734-6887","","","경상북도 영덕군 강구면 삼사리 9-93","경상북도 영덕군 강구면 해상공원길 115 (리베라)","36460","오션힐파크 호텔펜션","2025-01-13 09:28:36","U","2025-01-15 02:40:00","","413866.952439662","319328.38394834","관광숙박업","","일반상업지역","5","기타","","현대해상화재보험(재난배상)","숙박시설","5","0","30","1862","","","0","0","","0","0","","0","1862.02","","0","","","","","","","2200000000","","","","1862","가족호텔업",
"114","관광숙박업","03_11_01_P","5180000","CDFI2260032017000001","2017-07-14","","01","영업/정상","13","영업중","","","","","054 730 9000","","","경상북도 영덕군 강구면 삼사리 산 53","경상북도 영덕군 강구면 동해대로 4265-43 (오션뷰컨트리클럽)","36460","오션비치 휴양콘도미니엄","2025-01-13 09:25:19","U","2025-01-15 02:40:00","","413133.402048876","318506.378144324","관광숙박업","","관리지역","6","기타","","한화손해보험(재난배상)","콘도미니엄","5","1","58","3619","","","0","0","","0","0","","180","9665.22","","0","","","","","","","36038189000","","","","9665","휴양콘도미니엄업",
"115","관광숙박업","03_11_01_P","5180000","CDFI2260032024000001","2024-11-08","","01","영업/정상","13","영업중","","","","","","","","경상북도 영덕군 남정면 부경리 156","경상북도 영덕군 남정면 동해대로 3478","36464","힐링턴 콘도","2025-01-13 09:12:17","U","2025-01-15 02:40:00","","413558.376547304","310571.006683085","관광숙박업","","","6","","","","숙박시설","4","2","0","0","","","0","0","","0","0","","0","822","","0","","","","","","","0","","","","822","가족호텔업",
"116","관광숙박업","03_11_01_P","5180000","CDFI2260032005000001","2005-10-19","","01","영업/정상","13","영업중","","","","","054-733-4466","","766-824","경상북도 영덕군 강구면 삼사리 255","경상북도 영덕군 강구면 삼사길 108-10","36460","동해해상관광호텔(주)","2025-01-13 09:32:25","U","2025-01-15 02:40:00","","413909.461271626","318668.103794458","관광숙박업","","","12","","","","","10","2","55","3141","","","0","0","","0","0","","0","3140.94","","0","","","","","","","800000000","","","","3141","관광호텔업",
"117","관광숙박업","03_11_01_P","5190000","CDFI2260032000000001","2000-02-18","","01","영업/정상","13","영업중","","","","","054-371-5500","","714-901","경상북도 청도군 화양읍 삼신리 929","경상북도 청도군 화양읍 온천길 23","","(주)용암온천관광호텔","2021-12-09 17:57:39","U","2021-12-11 02:40:00","","355543.568685578","244578.923910223","관광숙박업","관광사업","관리지역","6","기타","","","호텔","5","1","35","0","Yongam spa tourist Hotel co.Ltd","TOURIST ACCOMMODATIONS(TOURIST HOTELS)","0","0","","0","0","","0","5438","","0","","","","","","","150000000","","","","5438","",
"118","관광숙박업","03_11_01_P","5200000","CDFI2260032023000001","2023-03-06","","02","휴업","02","휴업","","2025-02-01","2025-12-31","","","","","경상북도 고령군 대가야읍 지산리 232-106","경상북도 고령군 대가야읍 시장1길 9-10","40138","대가야의 목금토-꿈꾸는 시간여행자센터","2025-02-26 22:40:20","U","2025-02-28 02:40:00","","314449.054577468","248008.503787153","관광숙박업","","일반주거지역","2","","","","숙박시설","2","0","5","0","","","0","0","","0","0","","0","395.39","","0","","","","","","","0","","","","395","호스텔업",
"119","관광숙박업","03_11_01_P","5200000","CDFI2260032019000001","2019-04-08","","01","영업/정상","13","영업중","","","","","054-954-6307","","","경상북도 고령군 쌍림면 월막리 303-1 고령군향토문화학교","경상북도 고령군 쌍림면 미숭로 225, 고령군향토문화학교","40158","대가야호스텔","2024-04-08 14:31:12","U","2024-04-10 02:40:00","","311476.017403693","246072.245817952","관광숙박업","","","3","기타","","DB손해보험","숙박시설","3","1","17","0","","","0","0","","0","0","","0","1077","","0","","","","","","","0","","","","1077","호스텔업",
"120","관광숙박업","03_11_01_P","5210000","CDFI2260032002000001","2002-06-24","","01","영업/정상","13","영업중","","","","","054-931-3500","","719-892","경상북도 성주군 수륜면 백운리 1282-4","경상북도 성주군 수륜면 가야산식물원길 52","40063","(주)가야호텔","2025-01-20 17:02:18","U","2025-01-22 02:40:00","","303217.470765366","256444.256737724","관광숙박업","관광사업","자연녹지지역","4","기타","","삼성화재","호텔","3","1","91","11298","","","0","0","","0","0","","0","11297.66","","0","","","","","","","400000000","","","","11298","관광호텔업",
"121","관광숙박업","03_11_01_P","5220000","CDFI2260032005000001","2005-07-01","","03","폐업","03","폐업","2008-04-14","","","","","","718-923","경상북도 칠곡군 동명면 기성리 13번지","","","선샤인관광호텔","2008-04-14 16:10:17","I","2018-08-31 23:59:59","","343916.393556125","280667.721385808","관광숙박업","관광사업","관리지역","6","유흥업소밀집지역","","","호텔","6","1","","","","","","","","","","","","2063.24","","","","","","","","","","","","","2063","",
"122","관광숙박업","03_11_01_P","5220000","CDFI2260032019000001","2019-12-23","","01","영업/정상","13","영업중","","","","","","","","경상북도 칠곡군 왜관읍 왜관리 292-2번지","경상북도 칠곡군 왜관읍 중앙로 152-3","39890","센트로 관광호텔","2019-12-26 10:05:04","U","2019-12-28 02:40:00","","326164.482661617","277378.667639353","관광숙박업","","일반상업지역","6","학교정화(상대)","","","","6","1","54","3038","","","","","","","","","","3038.44","","","","","","","","","5300000000","","","","3038","관광호텔업",
"123","관광숙박업","03_11_01_P","5240000","CDFI2260032017000001","2017-01-20","","02","휴업","02","휴업","","2025-01-02","2025-06-30","","","","","경상북도 봉화군 춘양면 의양리 624-1","경상북도 봉화군 춘양면 운곡1길 8-18 (춘양목여행자숙소)","36215","춘양목 호스텔","2025-01-14 18:18:56","U","2025-01-16 02:40:00","","370790.332728982","383650.165982662","관광숙박업","","일반상업지역","4","학교정화(상대)","","","숙박시설","4","0","18","595","","","","","","","","","","173.81","","","","","","","","","1050000","","","","174","호스텔업",
"124","관광숙박업","03_11_01_P","5250000","CDFI2260031983000001","1983-09-30","","02","휴업","02","휴업","","2022-04-01","2023-03-31","","","","767-841","경상북도 울진군 온정면 온정리 964","경상북도 울진군 온정면 온천로 84","","에스이엔비(주)백암관광호텔","2022-04-05 19:40:26","U","2022-04-07 02:40:00","","408835.060132522","360261.2355428","관광숙박업","관광사업","일반상업지역","8","기타","","","호텔","7","1","127","","","","","","","","","","","12081.29","","","","","","","","","","","","","12081","관광호텔업",
"125","관광숙박업","03_11_01_P","5250000","CDFI2260031988000001","1988-11-29","","02","휴업","02","휴업","","2025-01-01","2025-12-31","","","","767-842","경상북도 울진군 온정면 소태리 1438","경상북도 울진군 온정면 온천로 129-13","","한화호텔&리조트","2025-01-02 13:35:34","U","2025-01-04 02:40:00","","408844.106200117","360511.119658581","관광숙박업","관광사업","일반상업지역","9","기타","","","콘도미니엄","7","2","248","0","HANWHA HOTEL & RESORT","TOURIST ACCOMODATIONS(CONDOMINIUM)","0","0","","0","0","","0","28202.45","","0","","","","","","","0","","","","28202","휴양콘도미니엄업",
"126","관광숙박업","03_11_01_P","5250000","CDFI2260031985000001","1985-02-05","","03","폐업","03","폐업","2014-12-15","","","","","","767-841","경상북도 울진군 온정면 온정리 968-5번지","경상북도 울진군 온정면 온천로 104","","성류파크관광호텔","2014-12-15 11:09:08","I","2018-08-31 23:59:59","","409081.174342517","360229.2993227","관광숙박업","관광사업","일반상업지역","8","기타","","","호텔","6","2","158","","","","","","","","","","","10261.93","","","","","","","","","","","","","10262","관광호텔업",
"127","관광숙박업","03_11_01_P","5250000","CDFI2260031986000001","1986-05-19","","01","영업/정상","13","영업중","","","","","054-781-9100","","767-871","경상북도 울진군 근남면 노음리 324-38번지","경상북도 울진군 근남면 노음1길 2","36334","삼원관광호텔","2017-07-03 11:33:52","I","2018-08-31 23:59:59","","413391.155239542","387254.031328394","관광숙박업","","","","","","","","","","","","","","","","","","","","","","","","","","","","","","","","","","","관광호텔업",
"128","관광숙박업","03_11_01_P","5250000","CDFI2260031995000001","1995-02-16","","01","영업/정상","13","영업중","","","","","054-783-5168","","767-893","경상북도 울진군 북면 덕구리 575","경상북도 울진군 북면 덕구온천로 924","","호텔덕구온천","2021-04-30 10:23:15","U","2021-05-02 02:40:00","","402977.495772197","399893.580943472","관광숙박업","관광사업","","6","기타","","","호텔","4","2","104","","","","","","","","","","","15225.22","","","","","","","","","","","","","15225","관광호텔업",
"129","관광숙박업","03_11_01_P","5250000","CDFI2260031996000001","1996-02-07","","01","영업/정상","13","영업중","","","","","054-783-0811","","","경상북도 울진군 북면 덕구리 565","경상북도 울진군 북면 덕구온천로 921","","덕구온천콘도","2021-04-30 10:22:57","U","2021-05-02 02:40:00","","402775.945140689","399861.736707049","관광숙박업","관광사업","","5","기타","","","콘도미니엄","4","1","75","","","","","","","","","","","6999.87","","","","","","","","","","","","","7000","휴양콘도미니엄업",
"130","관광숙박업","03_11_01_P","5250000","CDFI2260031996000002","1996-02-16","","01","영업/정상","13","영업중","","","","","054-781-9901","","767-805","경상북도 울진군 울진읍 연지리 113번지","경상북도 울진군 울진읍 현내항길 97","36324","울진그랜드호텔","2018-02-26 17:36:04","I","2018-08-31 23:59:59","","414479.531771677","390502.990416726","관광숙박업","","근린상업지역","8","기타","","","호텔","7","1","40","5391","","","","","","","","","","5391.16","","","","","","","","","","","","","5391","관광호텔업",
"131","관광숙박업","03_11_01_P","5260000","CDFI2260032015000001","2015-02-02","","03","폐업","03","폐업","2023-06-20","","","","054-791-0114","","799-803","경상북도 울릉군 울릉읍 사동리 847","경상북도 울릉군 울릉읍 중령길 129-128","40231","리조트 라페루즈","2023-06-20 16:25:34","U","2023-06-22 02:40:00","","542047.16620426","447751.556669728","관광숙박업","","","2","","","","호텔","0","0","74","0","La perouse","Tourist Hotel","0","0","","0","0","","0","2739.93","","0","","","","","","","500000000","","","","2740","관광호텔업",
"132","관광숙박업","03_11_01_P","5260000","CDFI2260032017000002","2017-06-01","","01","영업/정상","13","영업중","","","","","054-791-0711","","","경상북도 울릉군 울릉읍 저동리 170-5","경상북도 울릉군 울릉읍 저동4길 47","40214","풍경채 호스텔","2022-05-13 11:47:42","U","2022-05-15 02:40:00","","545781.827421992","452393.200583528","관광숙박업","","","2","","","","","0","0","10","0","","","0","0","","0","0","","0","405.24","","0","","","","","","","0","","","","405","호스텔업",
"133","관광숙박업","03_11_01_P","5260000","CDFI2260032017000005","2017-06-12","","01","영업/정상","13","영업중","","","","","054-791-0123","","","경상북도 울릉군 울릉읍 사동리 879-9","경상북도 울릉군 울릉읍 간령길 93-60","40232","늘푸름 호스텔","2022-05-13 11:49:18","U","2022-05-15 02:40:00","","542345.235173531","447285.059212591","관광숙박업","","","4","","","","","0","0","13","0","","","0","0","","0","0","","0","788.09","","0","","","","","","","0","","","","788","호스텔업",
"134","관광숙박업","03_11_01_P","5260000","CDFI2260032017000006","2017-09-06","","01","영업/정상","13","영업중","","","","","","","","경상북도 울릉군 울릉읍 사동리 498-5","경상북도 울릉군 울릉읍 울릉순환로 680","40231","상일호스텔","2022-05-13 11:50:07","U","2022-05-15 02:40:00","","543152.638986998","448245.40561858","관광숙박업","","","4","","","","","0","0","14","0","","","0","0","","0","0","","0","863.76","","0","","","","","","","0","","","","864","호스텔업",
"135","관광숙박업","03_11_01_P","5260000","CDFI2260032015000006","2015-09-15","","01","영업/정상","13","영업중","","","","","054-791-0046","","","경상북도 울릉군 울릉읍 사동리 338-18","경상북도 울릉군 울릉읍 사동2길 188","40228","울릉관광호텔","2022-12-09 09:43:24","U","2022-12-11 02:40:00","","543759.374529029","449604.798532565","관광숙박업","","","3","","","","","0","0","22","0","","","0","0","","0","0","","0","448.38","","0","","","","","","","200000000","","","","448","소형호텔업",
"136","관광숙박업","03_11_01_P","5260000","CDFI2260032015000007","2015-10-30","","01","영업/정상","13","영업중","","","","","054-791-0608","","","경상북도 울릉군 울릉읍 도동리 182-7","경상북도 울릉군 울릉읍 도동3길 19","40224","신흥호텔","2022-07-05 13:48:08","U","2022-07-07 02:40:00","","545236.276661306","449960.48626266","관광숙박업","","","5","","","","","0","0","15","0","","","0","0","","0","0","","0","312.75","","0","","","","","","","100000000","","","","313","호스텔업",
"137","관광숙박업","03_11_01_P","5260000","CDFI2260032017000001","2017-06-01","","01","영업/정상","13","영업중","","","","","054-791-0955","","","경상북도 울릉군 울릉읍 사동리 574-1","경상북도 울릉군 울릉읍 울릉순환로 772","40232","비치온 관광호텔","2022-07-26 11:34:30","U","2022-07-28 02:40:00","","542680.404524232","447460.464040265","관광숙박업","","","8","","","","","0","0","51","0","","","0","0","","0","0","","0","2583.42","","0","","","","","","","0","","","","2583","관광호텔업",
"138","관광숙박업","03_11_01_P","5260000","CDFI2260032014000001","2014-10-07","","01","영업/정상","13","영업중","","","","","054-791-8253","","799-801","경상북도 울릉군 울릉읍 도동리 126-1","경상북도 울릉군 울릉읍 도동1길 21-1","40227","울릉도 이사부 호텔","2022-05-11 16:47:15","U","2022-05-13 02:40:00","","545422.92614502","449828.139416021","관광숙박업","","일반상업지역","5","","","","호텔","5","0","24","583","E SA BU HOTEL","MINI HOTEL","0","0","","0","0","","0","582.7","","0","","","","","","","600000000","","","","583","소형호텔업",
"139","관광숙박업","03_11_01_P","5260000","CDFI2260032015000002","2015-04-09","","01","영업/정상","13","영업중","","","","","054-791-0000","","799-803","경상북도 울릉군 울릉읍 사동리 451","경상북도 울릉군 울릉읍 옥천길 148","40228","울릉관광옥천호텔","2023-12-06 17:26:46","U","2023-12-09 02:40:00","","543161.154332092","448827.911376628","관광숙박업","","","5","","","","","0","0","24","0","","","0","0","","0","0","","0","486.66","","0","","","","","","","2000000000","","","","487","호스텔업",
"140","관광숙박업","03_11_01_P","5260000","CDFI2260032015000003","2015-07-03","","01","영업/정상","13","영업중","","","","","054-791-2078","","799-801","경상북도 울릉군 울릉읍 도동리 49-15","경상북도 울릉군 울릉읍 도동2길 8-6","40222","울릉도패밀리호텔","2024-07-01 11:30:05","U","2024-07-03 02:40:00","","545528.697626835","449920.02634214","관광숙박업","","","5","","","","호텔","5","0","30","1669","Ulleungdo Family Hotel","Family Hotel","0","0","","0","0","","0","998.55","","0","","","","","","","500000000","","","","999","가족호텔업",
"141","관광숙박업","03_11_01_P","5260000","CDFI2260032015000004","2015-08-05","","01","영업/정상","13","영업중","","","","","054-791-4008","","","경상북도 울릉군 울릉읍 도동리 141-1","경상북도 울릉군 울릉읍 도동1길 25","40227","우듬지 호스텔","2024-07-01 11:27:31","U","2024-07-03 02:40:00","","545408.785434612","449834.476315387","관광숙박업","","상업지역","5","","","","호텔","5","0","28","869","Woo Deumji Hostel","tourism Hostel","0","0","","0","0","","0","558.26","","0","","","","","","","800000000","","","","558","호스텔업",
"142","관광숙박업","03_11_01_P","5260000","CDFI2260032015000005","2015-08-13","","01","영업/정상","13","영업중","","","","","054-791-9595","","","경상북도 울릉군 울릉읍 도동리 181-4","경상북도 울릉군 울릉읍 도동3길 22","40223","산호호텔","2022-05-13 11:42:57","U","2022-05-15 02:40:00","","545233.50898583","449982.300135526","관광숙박업","","일반상업지역","4","학교정화(상대)","","","호텔","4","0","19","0","Sanho hotel","Hostel","0","0","","0","0","","0","457.83","","0","","","","","","","0","","","","458","호스텔업",
"143","관광숙박업","03_11_01_P","5260000","CDFI2260032019000001","2019-06-25","","01","영업/정상","13","영업중","","","","","","","","경상북도 울릉군 서면 태하리 691-41","경상북도 울릉군 서면 태하길 196","40200","광장호스텔","2022-07-15 11:41:56","U","2022-07-17 02:40:00","","535770.57708216","452844.36287463","관광숙박업","","","3","","","","근린생활시설","0","0","4","0","","","0","0","","0","0","","0","225.01","","0","","","","","","","0","","","","225","호스텔업",
"144","관광숙박업","03_11_01_P","5260000","CDFI2260032019000003","2019-07-30","","01","영업/정상","13","영업중","","","","","054-791-9963","","","경상북도 울릉군 울릉읍 사동리 191-1","경상북도 울릉군 울릉읍 울릉순환로 527-5","40229","울릉푸른나무호스텔","2022-07-15 11:39:38","U","2022-07-17 02:40:00","","544226.290865678","449080.499793654","관광숙박업","","","3","","","","","0","0","7","0","","","0","0","","0","0","","0","290.25","","0","","","","","","","0","","","","290","호스텔업",
"145","관광숙박업","03_11_01_P","5260000","CDFI2260032024000005","2024-10-08","","01","영업/정상","13","영업중","","","","","054-791-7722","","","경상북도 울릉군 북면 천부리 718-39","경상북도 울릉군 북면 울릉순환로 3130","40211","연하정","2024-12-10 13:22:59","U","2024-12-12 02:40:00","","542299.825335299","456305.166420414","관광숙박업","","","3","","","","숙박시설","3","0","3","0","","","0","0","","0","0","","0","0","","0","","","","","","","0","","","","0","호스텔업",
"146","관광숙박업","03_11_01_P","5260000","CDFI2260032019000002","2019-07-12","","01","영업/정상","13","영업중","","","","","","","","경상북도 울릉군 울릉읍 저동리 54-1","경상북도 울릉군 울릉읍 울릉순환로 164-2","40218","JD호스텔","2024-02-19 19:03:35","U","2024-02-21 02:40:00","","545589.80066638","451335.368826033","관광숙박업","","","6","","","","","0","0","8","433","","","0","0","","0","0","","0","433.07","","0","","","","","","","0","","","","433","호스텔업",
"147","관광숙박업","03_11_01_P","5260000","CDFI2260032024000003","2024-08-19","","01","영업/정상","13","영업중","","","","","054-791-0099","","","경상북도 울릉군 울릉읍 저동리 179-1","경상북도 울릉군 울릉읍 저동4길 93","40214","올레펜션","2024-12-10 11:46:58","U","2024-12-12 02:40:00","","545626.784092833","452557.99362478","관광숙박업","","준주거지역","2","","","","숙박시설","2","0","10","0","","","0","0","","0","0","","0","259.78","","0","","","","","","","0","","","","260","호스텔업",
"148","관광숙박업","03_11_01_P","5260000","CDFI2260032024000004","2024-08-19","","01","영업/정상","13","영업중","","","","","054-791-3636","","","경상북도 울릉군 울릉읍 도동리 52-5","경상북도 울릉군 울릉읍 도동2길 34","40222","우산국 호스텔","2024-12-10 13:26:39","U","2024-12-12 02:40:00","","545411.891908551","449922.832291629","관광숙박업","","일반상업지역","5","","","","숙박시설","2","0","20","0","","","0","0","","0","0","","0","123.77","","0","","","","","","","0","","","","124","호스텔업",
"149","관광숙박업","03_11_01_P","5260000","CDFI2260032024000001","2024-05-29","","01","영업/정상","13","영업중","","","","","054-791-5940","","","경상북도 울릉군 울릉읍 저동리 52-14","경상북도 울릉군 울릉읍 봉래길 14-7, 4,5층","40218","센텀 스테이","2024-08-16 15:53:54","U","2024-08-18 02:40:00","","545552.312012581","451124.413982332","관광숙박업","","","0","","","","","0","0","3","336","","","0","0","","0","0","","0","461","","0","","","","","","","0","","","","461","호스텔업",
"150","관광숙박업","03_11_01_P","5260000","CDFI2260032021000001","2021-10-26","","01","영업/정상","13","영업중","","","","","","","","경상북도 울릉군 울릉읍 저동리 18-1","경상북도 울릉군 울릉읍 울릉순환로 31-19","40214","시에스타 펜션","2023-06-28 14:46:13","U","2023-06-30 02:40:00","","545931.30406845","452385.652032495","관광숙박업","","","3","","","","숙박시설","3","0","12","0","","","0","0","","0","0","","0","762.68","","0","","","","","","","1000000000","","","","763","호스텔업",
"151","관광숙박업","03_11_01_P","5260000","CDFI2260032021000002","2021-11-25","","01","영업/정상","13","영업중","","","","","054-791-5511","","","경상북도 울릉군 울릉읍 저동리 52-7 관광호스텔","경상북도 울릉군 울릉읍 봉래길 6-75","40218","다온프라임 호스텔","2023-09-15 09:16:03","U","2023-09-17 02:40:00","","545538.416489425","451142.813570473","관광숙박업","","","8","","","","","8","0","48","0","","","0","0","","0","0","","0","2222.58","","0","","","","","","","0","","","","2223","호스텔업",
"152","관광숙박업","03_11_01_P","5260000","CDFI2260032024000002","2024-05-30","","01","영업/정상","13","영업중","","","","","","","","경상북도 울릉군 울릉읍 사동리 469","경상북도 울릉군 울릉읍 옥천2길 24","40231","스테이 22","2024-05-31 09:47:41","I","2024-06-02 00:14:24","","364232.849568806","543179.962965989","관광숙박업","","","0","","","","","0","0","8","343","","","0","0","","0","0","","0","3076","","0","","","","","","","0","","","","3076","호스텔업",
"153","관광숙박업","03_11_01_P","5260000","CDFI2260032018000001","2018-09-20","","01","영업/정상","13","영업중","","","","","054-791-1456","","","경상북도 울릉군 울릉읍 도동리 296","경상북도 울릉군 울릉읍 울릉순환로 219-3","40220","위드U","2023-09-06 18:03:12","U","2023-09-09 02:40:00","","545563.89084818","450868.011919402","관광숙박업","","일반상업지역","9","학교정화(상대)","","","숙박시설","9","0","28","0","","","0","0","","0","0","","0","1038.21","","0","","","","","","","0","","","","1038","호스텔업",
"154","관광숙박업","03_11_01_P","5260000","CDFI2260032022000001","2022-10-20","","01","영업/정상","13","영업중","","","","","","","","경상북도 울릉군 울릉읍 사동리 684-61","경상북도 울릉군 울릉읍 신리길 85","40231","The Hill(더 힐)","2023-01-05 09:36:58","U","2023-01-07 02:40:00","","542870.579484451","447981.673518971","관광숙박업","","일반주거지역","4","","","","숙박시설","4","0","8","19106","","","0","0","","0","0","","0","595.01","","0","","","","","","","0","","","","595","호스텔업",
"155","관광숙박업","03_11_01_P","5260000","CDFI2260032023000001","2023-12-22","","01","영업/정상","13","영업중","","","","","0547919987","","","경상북도 울릉군 울릉읍 도동리 181-3 섬바디","경상북도 울릉군 울릉읍 도동3길 20, 섬바디","40223","섬바디관광호텔","2024-07-01 11:19:29","U","2024-07-03 02:40:00","","545241.247704957","449977.806614296","관광숙박업","","일반상업지역","5","기타","","","숙박시설","0","0","27","1280","","","0","0","","0","0","","0","1356.76","","0","","","","","","","0","","","","1357","호스텔업",
"156","관광숙박업","03_11_01_P","5260000","CDFI2260032025000001","2025-01-23","","01","영업/정상","13","영업중","","","","","","","","경상북도 울릉군 울릉읍 도동리 223-130 관광숙박시설","경상북도 울릉군 울릉읍 도동길 149-52","40225","스테이만디","2025-01-23 17:44:27","I","2025-01-25 00:11:04","","","","관광숙박업","","일반주거지역","4","","","","숙박시설","3","1","0","0","","","0","0","","0","0","","0","383.86","","0","","","","","","","0","","","","384","호스텔업",
