"번호","개방서비스명","개방서비스아이디","개방자치단체코드","관리번호","인허가일자","인허가취소일자","영업상태구분코드","영업상태명","상세영업상태코드","상세영업상태명","폐업일자","휴업시작일자","휴업종료일자","재개업일자","소재지전화","소재지면적","소재지우편번호","소재지전체주소","도로명전체주소","도로명우편번호","사업장명","최종수정시점","데이터갱신구분","데이터갱신일자","업태구분명","좌표정보x(epsg5174)","좌표정보y(epsg5174)","문화체육업종명","준공일자","개관일자","설립운영주체구분명","박물관미술관종류명","박물관미술관유형명","폐관일자","폐관사유","자본금","소요자금","법인설립목적","허가조건","법인해산일자","법인명",
"1","박물관, 미술관","03_07_05_P","5020000","CDFE3231002018000001","2018-07-01","","01","영업/정상","13","영업중","","","","","","","","경상북도 포항시 남구 괴동동 1 포스코본사","경상북도 포항시 남구 동해안로 6261, 포스코본사 (괴동동)","37859","포스코역사박물관","2022-03-24 18:28:56","U","2024-10-11 02:40:00","","414746.879209873","280177.099734725","박물관","","20040323","사립","1종","전문박물관","","","0","","","","","",
"2","박물관, 미술관","03_07_05_P","5020000","CDFE3231002012000002","2012-08-23","","01","영업/정상","13","영업중","","","","","","","","경상북도 포항시 남구 호미곶면 대보리 293-1","경상북도 포항시 남구 호미곶면 해맞이로 136","","포항바다화석박물관","2022-03-29 00:00:00","U","2024-10-11 02:40:00","","431128.154338231","289282.012726792","박물관","","20091228","사립","1종","전문박물관","","","0","","","","","",
"3","박물관, 미술관","03_07_05_P","5020000","CDFE3231002017000012","1993-03-25","","01","영업/정상","13","영업중","","","","","","","","경상북도 포항시 북구 흥해읍 성내리 39-8","경상북도 포항시 북구 흥해읍 한동로 51-0  (영일민속박물관)","","영일민속박물관","2022-03-29 00:00:00","U","2024-10-11 02:40:00","","411286.188410137","292569.384993593","박물관","","19831029","공립","1종","전문박물관","","","0","","","","","",
"4","박물관, 미술관","03_07_05_P","5020000","CDFE3231002017000026","2004-03-23","","01","영업/정상","13","영업중","","","","","","","","경상북도 포항시 남구 괴동동 1-7","경상북도 포항시 남구 동해안로6213번길 14-0  (괴동동,포스코홍보센타)","","포스코역사박물관","2022-03-29 00:00:00","U","2024-10-11 02:40:00","","415188.138792192","280071.745074902","박물관","","20030703","사립","1종","전문박물관","","","0","","","","","",
"5","박물관, 미술관","03_07_05_P","5020000","CDFE3232002017000001","2011-08-18","","01","영업/정상","13","영업중","","","","","","","","경상북도 포항시 북구 환호동 351-0","경상북도 포항시 북구 환호공원길 10-0  (환호동,포항시립미술관)","","포항시립미술관","2022-03-29 00:00:00","U","2024-10-11 02:40:00","","415403.055954189","287735.875528489","미술관","","20091222","사립","1종","미술관","","","0","","","","","",
"6","박물관, 미술관","03_07_05_P","5020000","CDFE3231002017000038","2017-12-07","","01","영업/정상","13","영업중","","","","","","243.99","","경상북도 포항시 북구 송라면 중산리 622-0","경상북도 포항시 북구 송라면 보경로 523-0  (보경사)","","보경사성보박물관","2022-03-29 00:00:00","U","2024-10-11 02:40:00","","407186.870165201","309401.189806654","박물관","","20170503","사립","2종","전시관","","","0","","","","","",
"7","박물관, 미술관","03_07_05_P","6470000","B04012019000001","2019-09-03","","01","영업/정상","1","영업","","","","","","","","경상북도 칠곡군 기산면 죽전리 241번지 3호","경상북도 칠곡군 기산면 강정길 47-10, 1층 (안다미로귀때박물관)","","안다미로 귀때박물관","2019-09-06 17:42:44","U","2024-10-11 02:40:00","","324765.758752049","276829.936732635","박물관","","20130909","사립","2종","전시관","","","","","","","","",
"8","박물관, 미술관","03_07_05_P","6470000","B04012014000002","2014-03-31","","01","영업/정상","1","영업","","","","","","","","경상북도 상주시 도남동 산 3-4번지","경상북도 상주시 용마로 415 (도남동)","","상주자전거박물관","2018-02-23 11:02:22","U","2024-10-11 02:40:00","","312386.537054667","328887.979606035","박물관","","20021026","공립","1종","전문박물관","","","","","","","","",
"9","박물관, 미술관","03_07_05_P","6470000","B04012014000004","2014-04-10","","01","영업/정상","1","영업","","","","","","","","경상북도 영주시 풍기읍 창락리 452번지","경상북도 영주시 풍기읍 죽령로 1378","","인삼박물관","2018-02-23 11:02:41","U","2024-10-11 02:40:00","","331864.163424784","377074.333736374","박물관","","20130503","공립","1종","전문박물관","","","","0","","","","",
"10","박물관, 미술관","03_07_05_P","6470000","B04022017000002","1992-12-22","","01","영업/정상","1","영업","","","","","","","","경상북도 경주시 신평동 370번지 0호","경상북도 경주시 보문로 484-7 (신평동,경주힐튼호텔/선재현대미술관)","","우양미술관","2018-04-30 14:13:50","U","2024-10-11 02:40:00","","406465.878338666","262473.494405346","미술관","","19910518","사립","1종","미술관","","","","","","","","",
"11","박물관, 미술관","03_07_05_P","6470000","B04012020000001","2020-02-24","","01","영업/정상","1","영업","","","","","","","","경상북도 김천시 남면 봉천리 1816번지 2호","경상북도 김천시 남면 오봉로 717-0","","청솔수석박물관","2020-02-24 10:04:30","U","2024-10-11 02:40:00","","310158.184007203","293114.313928639","박물관","","19990401","사립","1종","전문박물관","","","","","","","","",
"12","박물관, 미술관","03_07_05_P","6470000","B04012020000002","2020-04-10","","01","영업/정상","1","영업","","","","","","","","경상북도 김천시 대항면 운수리 103번지 0호  1호","경상북도 김천시 대항면 직지사길 130-0, 1동 1층 1호 (김천시립박물관)","","김천시립박물관","2021-06-07 15:13:11","U","2024-10-11 02:40:00","","290677.439689938","291224.917887797","박물관","","20200410","공립","1종","전문박물관","","","","","","","","",
"13","박물관, 미술관","03_07_05_P","6470000","B04012003000001","2003-10-08","","01","영업/정상","1","영업","","","","","","","","경상북도 의성군 단북면 이연리 801번지 0호","경상북도 의성군 단북면 중련길 22-8","","한국전통창조박물관","2021-12-06 14:16:13","U","2024-10-11 02:40:00","","326159.00137713","321946.538832446","박물관","","20080428","사립","1종","전문박물관","","","0","","","","","",
"14","박물관, 미술관","03_07_05_P","6470000","B04012007000001","2007-11-08","","01","영업/정상","1","영업","","","","","","","","경상북도 경주시 조양동 646번지 1호","경상북도 경주시 산업로 3260 (조양동)","","한국광고영상박물관","2011-10-30 21:07:39","U","2024-10-11 02:40:00","","405854.967698309","256588.066745581","박물관","","20060426","사립","1종","전문박물관","","","","","","","","",
"15","박물관, 미술관","03_07_05_P","6470000","B04012007000002","2004-06-09","","01","영업/정상","1","영업","","","","","","","","경상북도 예천군 용문면 내지리 391번지","경상북도 예천군 용문면 용문사길 285-30","","용문사성보유물관","2018-04-30 14:13:05","U","2024-10-11 02:40:00","","322262.417050943","359772.076476711","박물관","","20061105","사립","1종","전문박물관","","","","","","","","",
"16","박물관, 미술관","03_07_05_P","6470000","B04012008000002","2008-06-23","","01","영업/정상","1","영업","","","","","","","","경상북도 영주시 순흥면 청구리 346번지","경상북도 영주시 순흥면 소백로 2780","","소수박물관","2018-02-23 10:58:36","U","2024-10-11 02:40:00","","340920.241271106","381644.150082816","박물관","","20040922","공립","1종","전문박물관","","","","","","","","",
"17","박물관, 미술관","03_07_05_P","6470000","B04012008000003","2008-06-30","","01","영업/정상","1","영업","","","","","","","","경상북도 안동시 도산면 서부리 220번지","경상북도 안동시 도산면 퇴계로 1997","","한국국학진흥원유교문화박물관","2018-04-30 14:10:27","U","2024-10-11 02:40:00","","361760.784173366","357170.635359581","박물관","","20060620","사립","1종","전문박물관","","","","","","","","",
"18","박물관, 미술관","03_07_05_P","6470000","B04012009000001","2000-12-30","","01","영업/정상","1","영업","","","","","","","","경상북도 경산시 진량읍 내리리 15번지","경상북도 경산시 진량읍 대구대로 201","","대구대학교 중앙박물관","2018-07-05 17:00:53","U","2024-10-11 02:40:00","","366747.877404956","268490.244806368","박물관","","20001230","대학","1종","전문박물관","","","","","","","","",
"19","박물관, 미술관","03_07_05_P","6470000","B04012011000001","2011-07-07","","01","영업/정상","1","영업","","","","","","","","경상북도 경주시 북군동 116번지","경상북도 경주시 보문로 280-34 (북군동)","","바니베어뮤지엄","2022-08-12 09:33:04","U","2024-10-11 02:40:00","","405480.091452187","263741.038597518","박물관","","20110406","사립","2종","전시장","","","0","","","","","",
"20","박물관, 미술관","03_07_05_P","6470000","B04012011000002","2011-10-17","","01","영업/정상","1","영업","","","","","","","","경상북도 영주시 부석면 북지리 161번지","경상북도 영주시 부석면 부석사로 345","","부석사성보박물관","2018-04-30 14:10:47","U","2024-10-11 02:40:00","","350085.193268292","389708.43757335","박물관","","20110823","사립","1종","전문박물관","","","","","","","","",
"21","박물관, 미술관","03_07_05_P","6470000","B04012011000003","1997-04-26","","01","영업/정상","1","영업","","","","","","","","경상북도 문경시 문경읍 상초리 242번지 1호","경상북도 문경시 문경읍 새재로 944","","옛길박물관","2018-02-23 10:59:19","U","2024-10-11 02:40:00","","296029.988613448","362955.620546732","박물관","","19970427","공립","1종","종합박물관","","","","","","","","",
"22","박물관, 미술관","03_07_05_P","6470000","B04012012000001","2012-08-28","","01","영업/정상","1","영업","","","","","","","","경상북도 영천시 청통면 치일리 479번지","경상북도 영천시 청통면 청통로 951","","은해사성보박물관","2018-04-30 14:11:10","U","2024-10-11 02:40:00","","361316.934053074","278312.53852318","박물관","","20090930","사립","1종","전문박물관","","","","","","","","",
"23","박물관, 미술관","03_07_05_P","6470000","B04012012000002","2012-08-23","","01","영업/정상","1","영업","","","","","","","","경상북도 포항시 남구 호미곶면 대보리 293번지 1호","경상북도 포항시 남구 호미곶면 해맞이로 136","","포항바다화석박물관","2019-03-06 11:07:13","U","2024-10-11 02:40:00","","431128.154338231","289282.012726792","박물관","","20091228","사립","1종","전문박물관","","","","","","","","",
"24","박물관, 미술관","03_07_05_P","6470000","B04012014000001","2007-11-08","","01","영업/정상","1","영업","","","","","","","","경상북도 안동시 임하면 천전리 240번지","경상북도 안동시 임하면 독립기념관길 2","","경상북도독립운동기념관","2024-06-18 18:14:06","U","2024-10-11 02:40:00","","366342.575944792","338544.652219689","박물관","","20070810","사립","1종","전문박물관","","","0","","","","","",
"25","박물관, 미술관","03_07_05_P","6470000","B04012014000003","2014-03-31","","01","영업/정상","1","영업","","","","","","","","경상북도 청도군 이서면 양원리 129번지 5호","경상북도 청도군 이서면 이서로 567","","청도박물관","2018-02-23 11:02:31","U","2024-10-11 02:40:00","","352588.24485784","245097.392637016","박물관","","20131214","공립","1종","전문박물관","","","","","","","","",
"26","박물관, 미술관","03_07_05_P","6470000","B04012013000001","2012-12-24","","01","영업/정상","1","영업","","","","","","","","경상북도 의성군 금성면 초전리 223번지 7호","경상북도 의성군 금성면 초전1길 83","","의성조문국박물관","2021-05-28 10:22:17","U","2024-10-11 02:40:00","","349907.271413522","309715.983337657","박물관","","20130430","공립","1종","종합박물관","","","","","","","","",
"27","박물관, 미술관","03_07_05_P","6470000","B04012013000013","2017-07-10","","01","영업/정상","1","영업","","","","","","","","경상북도 경산시 남산면 하대리 370번지","경상북도 경산시 남산면 하대2길 32-7","","경산공룡박물관","2019-03-06 13:23:26","U","2024-10-11 02:40:00","","363052.748952369","256564.349159042","박물관","","20120710","사립","1종","전문박물관","","","","","","","","",
"28","박물관, 미술관","03_07_05_P","6470000","B04012013000014","2013-10-21","","01","영업/정상","1","영업","","","","","","","","경상북도 경주시 북군동 185번지 1호","경상북도 경주시 보문로 74-14 (북군동)","","경주버드파크","2018-02-23 11:00:40","U","2024-10-11 02:40:00","","404364.360558322","263454.500102779","박물관","","20130910","사립","1종","동물원","","","","","","","","",
"29","박물관, 미술관","03_07_05_P","6470000","B04012015000001","2015-11-03","","01","영업/정상","1","영업","","","","","","","","경상북도 경주시 신평동 220번지 6호","경상북도 경주시 엑스포로 9 (신평동)","","경주한국대중음악박물관","2021-01-08 10:24:22","U","2024-10-11 02:40:00","","406778.302515997","262399.703611489","박물관","","20150425","사립","1종","전문박물관","","","","","","","","",
"30","박물관, 미술관","03_07_05_P","6470000","B04012015000002","2015-11-03","","01","영업/정상","1","영업","","","","","","","","경상북도 문경시 가은읍 전곡리 288번지 2호","경상북도 문경시 가은읍 전곡길 13-10","","잉카마야박물관","2018-04-30 14:11:59","U","2024-10-11 02:40:00","","291627.337691421","346069.133901431","박물관","","20140715","사립","1종","전문박물관","","","","","","","","",
"31","박물관, 미술관","03_07_05_P","6470000","B04012017000001","2017-01-11","","01","영업/정상","1","영업","","","","","","","","경상북도 안동시 풍천면 하회리 287번지","경상북도 안동시 풍천면 전서로 206","","하회세계탈박물관","2018-04-30 14:09:46","U","2024-10-11 02:40:00","","336711.003708217","339719.485029918","박물관","","19950801","사립","1종","전문박물관","","","","","","","","",
"32","박물관, 미술관","03_07_05_P","6470000","B04022012000001","2012-06-01","","01","영업/정상","1","영업","","","","","","","","경상북도 예천군 지보면 신풍리 114번지","경상북도 예천군 지보면 신풍1리길 50","","신풍미술관","2018-06-25 14:52:05","U","2024-10-11 02:40:00","","328584.884373648","338603.964822607","미술관","","20120601","사립","2종","전시관","","","","","","","","",
"33","박물관, 미술관","03_07_05_P","6470000","B04022014000001","2014-01-14","","01","영업/정상","1","영업","","","","","","","","경상북도 김천시 황금동 69번지 1호","경상북도 김천시 남산공원길 90-14 (황금동)","","김천시립미술관","2022-09-22 19:46:46","U","2024-10-11 02:40:00","","300750.408077991","291295.803535121","미술관","","20121224","공립","1종","미술관","","","0","","","","","",
"34","박물관, 미술관","03_07_05_P","6470000","B04022014000002","2014-01-14","","01","영업/정상","1","영업","","","","","","","","경상북도 경산시 하양읍 금락리 96번지 4호","경상북도 경산시 하양읍 하양로 13-13","","대구가톨릭대학교 김종복미술관","2022-08-12 09:57:52","U","2024-10-11 02:40:00","","363572.746252838","269768.594132506","미술관","","20130927","대학","1종","미술관","","","0","","","","","",
"35","박물관, 미술관","03_07_05_P","6470000","B04022015000001","2015-05-29","","01","영업/정상","1","영업","","","","","","","","경상북도 경주시 황성동 988번지","경상북도 경주시 알천북로 1 (황성동)","","알천미술관","2018-08-10 09:14:50","U","2024-10-11 02:40:00","","399214.43901189","264705.488946751","미술관","","20101106","공립","1종","미술관","","","","","","","","",
"36","박물관, 미술관","03_07_05_P","6470000","B04022017000001","2011-08-18","","01","영업/정상","1","영업","","","","","","","","경상북도 포항시 북구 환호동 351번지 0호","경상북도 포항시 북구 환호공원길 10-0 (환호동,포항시립미술관)","","포항시립미술관","2022-08-12 09:48:20","U","2024-10-11 02:40:00","","415403.055954189","287735.875528489","미술관","","20091215","공립","1종","미술관","","","0","","","","","",
"37","박물관, 미술관","03_07_05_P","6470000","B04012017000035","2000-11-20","","01","영업/정상","1","영업","","","","","","","","경상북도 경산시 대동 214번지 1호","경상북도 경산시 대학로 280-0 (대동,영남대학교)","","영남대학교박물관","2018-08-14 08:44:55","U","2024-10-11 02:40:00","","358344.532314777","260626.839725737","박물관","","19680501","대학","1종","전문박물관","","","","","","","","",
"38","박물관, 미술관","03_07_05_P","6470000","B04012017000037","2002-05-20","","01","영업/정상","1","영업","","","","","","","","경상북도 칠곡군 기산면 봉산리 538번지 0호","경상북도 칠곡군 기산면 지산로 483-0","","경북과학대학교박물관","2018-01-24 11:30:38","U","2024-10-11 02:40:00","","320664.494281219","277837.438659399","박물관","","19960301","대학","1종","전문박물관","","","","","","","","",
"39","박물관, 미술관","03_07_05_P","6470000","B04012017000038","2017-12-07","","01","영업/정상","1","영업","","","","","","","","경상북도 포항시 북구 송라면 중산리 622번지 0호","경상북도 포항시 북구 송라면 보경로 523-0 (보경사)","","보경사성보박물관","2018-02-23 11:16:43","U","2024-10-11 02:40:00","","407186.870165201","309401.189806654","박물관","","20170503","사립","2종","전시관","","","","","","","","",
"40","박물관, 미술관","03_07_05_P","6470000","B04022007000001","2018-03-23","","01","영업/정상","1","영업","","","","","","","","경상북도 청도군 운문면 방음리 746번지","경상북도 청도군 운문면 방음길 60","","영담한지미술관","2020-01-16 10:45:21","U","2024-10-11 02:40:00","","376283.924489311","246704.433269393","미술관","","20071123","사립","2종","","","","","","","","","",
"41","박물관, 미술관","03_07_05_P","6470000","B04012017000030","2005-09-08","","01","영업/정상","1","영업","","","","","","","","경상북도 경주시 효현동 670번지 0호","경상북도 경주시 태종로 188-0 (효현동,경주대학교)","","경주대박물관","2019-09-09 10:35:22","U","2024-10-11 02:40:00","","395304.119707068","260999.498023997","박물관","","19920701","대학","1종","전문박물관","","","","","","","","",
"42","박물관, 미술관","03_07_05_P","6470000","B04012017000031","2000-11-20","","01","영업/정상","1","영업","","","","","","","","경상북도 안동시 송천동 388번지 0호","경상북도 안동시 경동로 1375-0 (송천동,안동대학교)","","국립경국대학교박물관","2025-03-13 10:00:17","U","2025-03-15 02:40:00","","360837.736360144","339376.36400839","박물관","","19790312","대학","1종","전문박물관","","","0","","","","","",
"43","박물관, 미술관","03_07_05_P","6470000","B04012017000032","2005-11-25","","01","영업/정상","1","영업","","","","","","","","경상북도 경산시 유곡동 290번지 1호","경상북도 경산시 한의대로 1-0 (유곡동,대구한의대학교)","","대구한의대학교박물관","2018-01-24 11:29:16","U","2024-10-11 02:40:00","","360451.680004901","256635.588754285","박물관","","19950916","대학","1종","전문박물관","","","","","","","","",
"44","박물관, 미술관","03_07_05_P","6470000","B04012017000033","2006-11-06","","01","영업/정상","1","영업","","","","","","","","경상북도 경산시 대동 214번지 1호","경상북도 경산시 대학로 280-0 (대동,영남대학교)","","영남대학교자연박물관","2018-08-14 08:43:32","U","2024-10-11 02:40:00","","358344.532314777","260626.839725737","박물관","","19980428","대학","1종","전문박물관","","","","","","","","",
"45","박물관, 미술관","03_07_05_P","6470000","B04012017000034","2000-12-30","","01","영업/정상","1","영업","","","","","","","","경상북도 경산시 하양읍 금락리 35번지 0호","경상북도 경산시 하양읍 하양로 13-13 (대구가톨릭대학교)","","대구가톨릭대학교역사박물관","2018-01-24 11:29:49","U","2024-10-11 02:40:00","","","","박물관","","19770519","대학","1종","전문박물관","","","","","","","","",
"46","박물관, 미술관","03_07_05_P","6470000","B04022008000001","2008-02-15","","01","영업/정상","1","영업","","","","","","","","경상북도 영천시 청통면 호당리 436번지","","","호당미술관","2008-02-15 20:03:35","U","2024-10-11 02:40:00","","370266.942158657","278650.197981104","미술관","","20080215","사립","1종","미술관","","","","","","","","",
"47","박물관, 미술관","03_07_05_P","6470000","B04022017000003","2004-12-22","","01","영업/정상","1","영업","","","","","","","","경상북도 영천시 화산면 가상리 633번지 0호","경상북도 영천시 화산면 가래실로 364-0 (시안미술관)","","시안미술관","2018-04-30 14:14:08","U","2024-10-11 02:40:00","","370216.672659959","282973.158372577","미술관","","20041222","사립","1종","미술관","","","","","","","","",
"48","박물관, 미술관","03_07_05_P","6470000","B04022017000004","2000-04-26","","01","영업/정상","1","영업","","","","","","","","경상북도 울진군 온정면 소태리 472번지 2호","경상북도 울진군 온정면 백암온천로 1388-0 (향암미술관)","","향암미술관","2018-04-30 14:15:31","U","2024-10-11 02:40:00","","410295.409446804","360020.780029564","미술관","","19990730","사립","1종","미술관","","","","","","","","",
"49","박물관, 미술관","03_07_05_P","6470000","B04022018000001","2018-08-21","","01","영업/정상","1","영업","","","","","","","","경상북도 경주시 천군동 130번지 0호","경상북도 경주시 경감로 614-0 (천군동)","","경주솔거미술관","2018-08-23 14:03:04","U","2024-10-11 02:40:00","","406789.870786056","261626.101558061","미술관","","20150821","공립","1종","미술관","","","","","","","","",
"50","박물관, 미술관","03_07_05_P","6470000","B04012020000003","2020-07-20","","01","영업/정상","1","영업","","","","","","","","경상북도 경주시 북군동 66번지 0호","경상북도 경주시 보문로 132-22 (북군동,경주세계자동차박물관)","","경주세계자동차박물관","2023-01-13 11:03:43","U","2024-10-11 02:40:00","","404821.047117857","263676.171068196","박물관","","20170329","사립","1종","전문박물관","","","0","","","","","",
"51","박물관, 미술관","03_07_05_P","6470000","B04012021000002","2021-09-23","","01","영업/정상","1","영업","","","","","","","","경상북도 구미시 상모동 156번지 1호","경상북도 구미시 박정희로 123-0 (상모동)","","박정희대통령역사자료관","2021-09-23 11:24:52","U","2024-10-11 02:40:00","","321409.230622203","288655.066792616","박물관","","20210928","공립","1종","종합박물관","","","0","","","","","",
"52","박물관, 미술관","03_07_05_P","6470000","B04012022000002","2022-11-22","","01","영업/정상","1","영업","","","","","","","","경상북도 김천시 개령면 동부리 45번지 0호","경상북도 김천시 개령면 광한1길 520-0, 1동 3층 (감문국이야기나라)","","감문역사문화전시관","2022-11-22 16:04:29","U","2024-10-11 02:40:00","","307335.55368562","296906.467111861","박물관","","20221201","공립","1종","전문박물관","","","0","","","","","",
"53","박물관, 미술관","03_07_05_P","6470000","B04012021000001","2021-06-09","","01","영업/정상","1","영업","","","","","","","","경상북도 안동시 풍산읍 상리리 99번지 1호  1호","경상북도 안동시 풍산읍 경서로 4380-49, 1층","","안동선비문화박물관","2021-06-10 10:34:17","U","2024-10-11 02:40:00","","342752.769258666","344651.868313836","박물관","","20190929","사립","1종","전문박물관","","","","","","","","",
"54","박물관, 미술관","03_07_05_P","6470000","B04012017000017","2007-12-31","","01","영업/정상","1","영업","","","","","","","","경상북도 상주시 사벌면 삼덕리 361번지 0호","경상북도 상주시 사벌면 경천로 684-0 (상주박물관)","","상주박물관","2018-02-23 11:12:50","U","2024-10-11 02:40:00","","311101.247979527","329566.445825341","박물관","","20071102","공립","1종","전문박물관","","","","","","","","",
"55","박물관, 미술관","03_07_05_P","6470000","B04012017000018","1999-12-29","","01","영업/정상","1","영업","","","","","","","","경상북도 문경시 가은읍 왕능리 432번지 5호","경상북도 문경시 가은읍 왕능길 112-0 (문경석탄박물관)","","문경석탄박물관","2018-02-23 11:12:58","U","2024-10-11 02:40:00","","294871.732502921","350799.155019672","박물관","","19990520","공립","1종","전문박물관","","","","","","","","",
"56","박물관, 미술관","03_07_05_P","6470000","B04012017000019","2007-04-16","","01","영업/정상","1","영업","","","","","","","","경상북도 경산시 사동 655번지 1호","경상북도 경산시 박물관로 46-0 (사동,경산시립박물관)","","경산시립박물관","2018-02-23 11:13:05","U","2024-10-11 02:40:00","","359253.0504222","258559.461507404","박물관","","20070209","공립","1종","전문박물관","","","","","","","","",
"57","박물관, 미술관","03_07_05_P","6470000","B04012017000021","2007-04-16","","01","영업/정상","1","영업","","","","","","","","경상북도 영양군 입암면 연당리 20번지 0호","경상북도 영양군 입암면 영양로 963-0 (영양산촌생활박물관)","","영양산촌박물관","2018-02-23 11:13:20","U","2024-10-11 02:40:00","","386397.119303078","347982.962022524","박물관","","20060921","공립","1종","전문박물관","","","","","","","","",
"58","박물관, 미술관","03_07_05_P","6470000","B04012017000023","2005-11-25","","01","영업/정상","1","영업","","","","","","","","경상북도 고령군 대가야읍 지산리 460번지 0호","경상북도 고령군 대가야읍 대가야로 1203-0 (대가야박물관)","","대가야박물관","2018-02-23 11:13:35","U","2024-10-11 02:40:00","","313691.901947351","247702.150655962","박물관","","20050402","공립","1종","전문박물관","","","","","","","","",
"59","박물관, 미술관","03_07_05_P","6470000","B04012017000024","2004-03-23","","01","영업/정상","1","영업","","","","","","","","경상북도 봉화군 명호면 관창리 1726번지 5호","경상북도 봉화군 명호면 광석길 39-0 (청량산박물관)","","청량산박물관","2022-09-27 18:12:10","U","2024-10-11 02:40:00","","368979.767455721","366867.689831233","박물관","","20040611","공립","1종","전문박물관","","","0","","","","","",
"60","박물관, 미술관","03_07_05_P","6470000","B04012017000025","1999-12-29","","01","영업/정상","1","영업","","","","","","","","경상북도 울릉군 울릉읍 도동리 581번지 1호","경상북도 울릉군 울릉읍 약수터길 90-17 (독도박물관)","","독도박물관","2018-02-23 11:13:42","U","2024-10-11 02:40:00","","544776.339164006","449831.753246035","박물관","","19970808","공립","1종","전문박물관","","","","","","","","",
"61","박물관, 미술관","03_07_05_P","6470000","B04012017000026","2004-03-23","","01","영업/정상","1","영업","","","","","","","","경상북도 포항시 남구 괴동동 1번지 7호","경상북도 포항시 남구 동해안로6213번길 14-0 (괴동동,포스코홍보센타)","","포스코역사박물관","2018-01-24 11:27:30","U","2024-10-11 02:40:00","","415188.138792192","280071.745074902","박물관","","20030703","사립","1종","전문박물관","","","","0","","","","",
"62","박물관, 미술관","03_07_05_P","6470000","B04012017000027","2018-02-12","","01","영업/정상","1","영업","","","","","","","","경상북도 김천시 대항면 운수리 216번지 0호","경상북도 김천시 대항면 직지사길 95-0","","직지성보박물관","2024-11-13 14:30:31","U","2024-11-15 02:40:00","","290336.878517672","291108.425030893","박물관","","19951005","사립","1종","전문박물관","","","0","0","","","","",
"63","박물관, 미술관","03_07_05_P","6470000","B04012017000028","2000-11-20","","01","영업/정상","1","영업","","","","","","","","경상북도 안동시 수상동 280번지 0호","경상북도 안동시 강남로 71-1 (수상동)","","안동소주박물관","2020-02-18 11:22:56","U","2024-10-11 02:40:00","","352929.988276338","340090.208879185","박물관","","19960712","사립","1종","전문박물관","","","","","","","","",
"64","박물관, 미술관","03_07_05_P","6470000","B04012017000029","2005-01-11","","01","영업/정상","1","영업","","","","","","","","경상북도 경주시 석장동 707번지 0호","경상북도 경주시 동대로 123-0 (석장동,동국대학교경주캠퍼스)","","동국대학교경주캠퍼스박물관","2018-02-23 11:14:36","U","2024-10-11 02:40:00","","398098.740259609","264889.815866508","박물관","","19830410","대학","1종","전문박물관","","","","","","","","",
"65","박물관, 미술관","03_07_05_P","6470000","B04012018000001","2018-09-11","","01","영업/정상","1","영업","","","","","","","","경상북도 경주시 진현동 122번지 0호","경상북도 경주시 불국로 385-0, 0동 (진현동,불국사)","","불국사박물관","2018-09-11 19:59:59","U","2024-10-11 02:40:00","","410755.336224887","256930.278446275","박물관","","20180911","사립","1종","전문박물관","","","","","","","","",
"66","박물관, 미술관","03_07_05_P","6470000","B04012020000004","2020-10-29","","01","영업/정상","1","영업","","","","","","","","경상북도 영천시 도림동 709번지 4호","경상북도 영천시 선창길 9-0, 1층 1호 (도림동)","","영천역사박물관","2023-01-06 17:35:54","U","2024-10-11 02:40:00","","373910.417725108","281528.199560367","박물관","","20140515","사립","1종","전문박물관","","","0","","","","","",
"67","박물관, 미술관","03_07_05_P","6470000","B04012022000001","2022-09-01","","01","영업/정상","1","영업","","","","","","","","경상북도 안동시 도산면 동부리 130번지 50호","경상북도 안동시 도산면 월천길 301-0","","세계유교문화박물관","2022-09-22 19:53:31","U","2024-10-11 02:40:00","","364918.790098277","356358.071156815","박물관","","20220902","공립","1종","전문박물관","","","0","","","","","",
"68","박물관, 미술관","03_07_05_P","6470000","B04012017000004","2017-02-14","","01","영업/정상","1","영업","","","","","","","","경상북도 칠곡군 석적읍 중지리 산 33번지","경상북도 칠곡군 석적읍 강변대로 1580","","칠곡호국평화기념관","2023-02-01 17:16:54","U","2024-10-11 02:40:00","","326447.856242208","280678.678801746","박물관","","20151015","공립","1종","종합박물관","","","0","","","","","",
"69","박물관, 미술관","03_07_05_P","6470000","B04012017000005","2017-04-12","","01","영업/정상","1","영업","","","","","","","","경상북도 영천시 금호읍 원제리 297번지 1호","경상북도 영천시 금호읍 원제2길 38","","(재)경상북도문화재연구원 박물관","2018-04-30 14:11:27","U","2024-10-11 02:40:00","","371143.583912163","273188.829293245","박물관","","20170412","사립","1종","전문박물관","","","","","","","","",
"70","박물관, 미술관","03_07_05_P","6470000","B04012017000006","2017-08-25","","01","영업/정상","1","영업","","","","","","","","경상북도 고령군 대가야읍 쾌빈리 162번지","경상북도 고령군 대가야읍 가야금길 98","","우륵박물관","2018-02-23 11:07:15","U","2024-10-11 02:40:00","","314224.236354657","249849.913275541","박물관","","20060331","공립","1종","전문박물관","","","","","","","","",
"71","박물관, 미술관","03_07_05_P","6470000","B04012017000008","2015-11-03","","01","영업/정상","1","영업","","","","","","","","경상북도 경산시 남산면 인흥리 250번지 0호","경상북도 경산시 남산면 삼성현공원로 59-0","","삼성현역사문화관","2022-02-23 14:28:44","U","2024-10-11 02:40:00","","362343.604671908","257171.014275993","박물관","","20150430","공립","1종","전문박물관","","","0","","","","","",
"72","박물관, 미술관","03_07_05_P","6470000","B04012017000009","2015-12-29","","01","영업/정상","1","영업","","","","","","","","경상북도 예천군 감천면 포리 688번지 0호","경상북도 예천군 감천면 복골길 150-0 (예천충효공원)","","예천박물관","2020-09-14 15:56:39","U","2024-10-11 02:40:00","","335248.984057967","356505.306427558","박물관","","20100511","공립","1종","전문박물관","","","","","","","","",
"73","박물관, 미술관","03_07_05_P","6470000","B04012017000010","2015-12-29","","01","영업/정상","1","영업","","","","","","","","경상북도 문경시 문경읍 하초리 243번지 0호","경상북도 문경시 문경읍 새재1길 45-0 (문경새재자연생태전시관)","","문경자연생태박물관","2018-02-23 11:07:23","U","2024-10-11 02:40:00","","296239.07556043","361771.671444559","박물관","","20071018","공립","1종","전문박물관","","","","","","","","",
"74","박물관, 미술관","03_07_05_P","6470000","B04012017000011","2017-11-16","","01","영업/정상","1","영업","","","","","","","","경상북도 문경시 문경읍 진안리 360번지 10호","경상북도 문경시 문경읍 문경대로 2416-0 (문경도자기전시관,문경유교문화관)","","문경도자기박물관","2018-02-23 11:07:37","U","2024-10-11 02:40:00","","296752.798632273","360516.983584969","박물관","","20020617","공립","1종","전문박물관","","","","","","","","",
"75","박물관, 미술관","03_07_05_P","6470000","B04012017000012","1993-03-25","","01","영업/정상","1","영업","","","","","","","","경상북도 포항시 북구 흥해읍 성내리 39번지 8호","경상북도 포항시 북구 흥해읍 한동로 51-0 (영일민속박물관)","","영일민속박물관","2018-02-23 11:07:45","U","2024-10-11 02:40:00","","411286.188410137","292569.384993593","박물관","","19831029","공립","1종","전문박물관","","","","","","","","",
"76","박물관, 미술관","03_07_05_P","6470000","B04012017000014","2007-11-08","","01","영업/정상","1","영업","","","","","","","","경상북도 안동시 도산면 동부리 108번지 3호","경상북도 안동시 도산면 퇴계로 2189-0 (산림자원개발원)","","경상북도산림과학박물관","2018-06-25 20:38:41","U","2024-10-11 02:40:00","","363007.817754802","358527.60824622","박물관","","20040525","공립","1종","전문박물관","","","","","","","","",
"77","박물관, 미술관","03_07_05_P","6470000","B04012017000015","1993-02-11","","01","영업/정상","1","영업","","","","","","","","경상북도 안동시 성곡동 784번지 1호","경상북도 안동시 민속촌길 13-0 (성곡동,시립민속박물관)","","안동시립박물관","2023-04-19 14:03:09","U","2024-10-11 02:40:00","","358063.813138973","343470.807276221","박물관","","19920626","공립","1종","전문박물관","","","0","","","","","",
"78","박물관, 미술관","03_07_05_P","6470000","B04012017000016","2009-11-05","","01","영업/정상","1","영업","","","","","","","","경상북도 안동시 동부동 447번지 8호","경상북도 안동시 서동문로 203-0 (동부동,전통문화콘텐츠박물관,안동문화원)","","전통문화콘텐츠박물관","2018-02-23 11:12:40","U","2024-10-11 02:40:00","","355172.564999974","341951.400901501","박물관","","20070901","공립","1종","전문박물관","","","","","","","","",
"79","박물관, 미술관","03_07_05_P","6470000","B04012020000005","2020-11-27","","01","영업/정상","1","영업","","","","","","","","경상북도 성주군 성주읍 성산리 822번지 0호","경상북도 성주군 성주읍 성산4길 37-0","","성주성산동고분군전시관","2020-11-27 15:28:00","U","2024-10-11 02:40:00","","317212.010951429","268168.324976031","박물관","","20201125","공립","1종","전문박물관","","","","","","","","",
"80","박물관, 미술관","03_07_05_P","6470000","B04012020000006","2020-12-18","","01","영업/정상","1","영업","","","","","","","","경상북도 구미시 남통동 28번지 7호 1통 구미성리학역사관 1호","경상북도 구미시 금오산로 336-13, 1층 (남통동,구미성리학역사관)","","구미성리학역사관","2020-12-18 15:22:12","U","2024-10-11 02:40:00","","318206.085012933","291240.207159781","박물관","","20201023","공립","1종","전문박물관","","","","","","","","",
"81","박물관, 미술관","03_07_05_P","6470000","B04022023000001","2023-10-17","","01","영업/정상","1","영업","","","","","","","","경상북도 안동시 서후면 이송천리 138번지 0호","경상북도 안동시 서후면 이송천길 240-10, 1동 (송강미술관)","","송강미술관","2023-10-17 16:36:51","U","2024-10-11 02:40:00","","351548.760938942","347038.521261678","미술관","","20230612","사립","1종","미술관","","","0","","","","","",
"82","박물관, 미술관","03_07_05_P","6470000","B04012008000001","2008-06-23","","03","폐업","3","폐업","2015-03-25","","","","","","","경상북도 문경시 마성면 하내리 754번지 1호","경상북도 문경시 마성면 하내2길 55","","측량박물관","2014-01-14 14:23:41","U","2024-10-11 02:40:00","","296518.719297881","352009.465742495","박물관","","20071006","사립","1종","전문박물관","20150325","자진폐관","","","","","","",
"83","박물관, 미술관","03_07_05_P","6470000","B04012016000001","1996-08-14","","03","폐업","3","폐업","2016-05-11","","","","","","","경상북도 영덕군 남정면 원척리 267번지 9호","경상북도 영덕군 남정면 동해대로 3763","","경보화석박물관","2016-05-11 13:34:14","U","2024-10-11 02:40:00","","413426.894868373","313222.057082404","박물관","","20160511","사립","1종","전문박물관","20160511","문화융성사업단-3727(2016.5.11), 설립자의 건강악화","","","","","","",
"84","박물관, 미술관","03_07_05_P","6470000","B04012017000003","2017-02-14","","03","폐업","3","폐업","2018-01-19","","","","","","","경상북도 경주시 양북면 호암리 417번지 0호","경상북도 경주시 양북면 기림로 437-17","","기림사성보박물관","2018-03-06 13:35:35","U","2024-10-11 02:40:00","","417041.404343699","262399.530047865","박물관","","20170101","사립","1종","전문박물관","20180119","박물관 등록요건 중 학예사 보유 미충족","","","","","","",
"85","박물관, 미술관","03_07_05_P","6470000","B04012017000022","1999-05-31","","03","폐업","3","폐업","2021-02-10","","","","","","","경상북도 청송군 청송읍 송생리 784번지 107호","경상북도 청송군 청송읍 주왕산로 222-0 (청송민속박물관)","","청송민속박물관","2018-02-23 11:13:26","U","2024-10-11 02:40:00","","386859.547471648","323004.946292051","박물관","","19990621","공립","1종","전문박물관","20210210","박물관 운영 효율성 저하 및 방문객 수 저조에 따른 객주문학관과의 복합 전시공간 구축으로 새로운 관광자원화 시도 및 문화시설 운영 효율성 제고하기 위함","","","","","","",
"86","박물관, 미술관","03_07_05_P","6470000","B04012017000013","2006-10-23","","03","폐업","3","폐업","2021-10-05","","","","","","","경상북도 김천시 대항면 운수리 91번지 1호","경상북도 김천시 대항면 직지사길 118-0 (김천세계도자기박물관)","","김천세계도자기박물관","2020-02-18 11:28:16","U","2024-10-11 02:40:00","","290954.036450123","291198.787485598","박물관","","20060426","공립","1종","전문박물관","20211005","김천시립박물관의 별관으로 편입 조치","0","","","","","",
