"번호","개방서비스명","개방서비스아이디","개방자치단체코드","관리번호","인허가일자","인허가취소일자","영업상태구분코드","영업상태명","상세영업상태코드","상세영업상태명","폐업일자","휴업시작일자","휴업종료일자","재개업일자","소재지전화","소재지면적","소재지우편번호","소재지전체주소","도로명전체주소","도로명우편번호","사업장명","최종수정시점","데이터갱신구분","데이터갱신일자","업태구분명","좌표정보x(epsg5174)","좌표정보y(epsg5174)","문화체육업종명","문화사업자구분명","지역구분명","총층수","주변환경명","제작취급품목내용","보험기관명","건물용도명","지상층수","지하층수","객실수","건축연면적","영문상호명","영문상호주소","선박총톤수","선박척수","선박제원","무대면적","좌석수","기념품종류","회의실별동시수용인원","시설면적","놀이기구수내역","놀이시설수","방송시설유무","발전시설유무","의무실유무","안내소유무","기획여행보험시작일자","기획여행보험종료일자","자본금","보험시작일자","보험종료일자","부대시설내역","시설규모",
"1","외국인관광도시민박업","03_11_04_P","5020000","CDFI2262212021000002","2021-11-24","","03","폐업","03","폐업","2024-05-08","","","","","","","경상북도 포항시 북구 대신동 62-29","경상북도 포항시 북구 대신로36번길 14 (대신동)","37724","영일대 옛사랑","2024-05-09 09:45:19","U","2024-05-11 02:40:00","","413457.602003355","285557.716343456","외국인관광 도시민박업","","","0","","","","","0","0","0","0","","","0","0","","0","0","","0","0","","0","","","","","","","0","","","","0",
"2","외국인관광도시민박업","03_11_04_P","5020000","CDFI2262212023000002","2023-01-30","","03","폐업","03","폐업","2024-10-31","","","","","","","경상북도 포항시 북구 장성동 1572-20","경상북도 포항시 북구 장량로32번길 86, 301호 (장성동)","37585","스테이포항","2024-12-03 09:01:41","U","2024-12-05 02:40:00","","414686.571982913","288681.221063091","외국인관광 도시민박업","","","0","","","","다가구용 주택(공동주택적용)","0","0","0","0","","","0","0","","0","0","","0","0","","0","","","","","","","900000000","","","","0",
"3","외국인관광도시민박업","03_11_04_P","5020000","CDFI2262212022000005","2022-12-30","","03","폐업","03","폐업","2023-12-26","","","","","","","경상북도 포항시 북구 흥해읍 초곡리 1761 초곡삼구트리니엔 시티","경상북도 포항시 북구 흥해읍 초곡지구로58번길 52, 113동 803호 (초곡삼구트리니엔 시티)","37560","세현이네 가게","2024-03-18 19:03:15","U","2024-03-20 02:40:00","","410131.418688276","291234.009411197","외국인관광 도시민박업","","","0","","","","","0","0","0","0","","","0","0","","0","0","","0","0","","0","","","","","","","0","","","","0",
"4","외국인관광도시민박업","03_11_04_P","5020000","CDFI2262212021000001","2021-01-05","","03","폐업","03","폐업","2024-12-30","","","","","","","경상북도 포항시 남구 해도동 508-32","경상북도 포항시 남구 해동로72번길 20, 3층 302호 (해도동)","37793","초아홈","2024-12-30 13:18:13","U","2025-01-01 02:40:00","","413997.562882365","283238.017706407","외국인관광 도시민박업","","주거지역","","","","","","","","","","","","","","","","","","","49.34","","","","","","","","","","","","","49",
"5","외국인관광도시민박업","03_11_04_P","5020000","CDFI2262212023000007","2023-08-31","","01","영업/정상","13","영업중","","","","","","","","경상북도 포항시 북구 장성동 1355-8","경상북도 포항시 북구 삼흥로18번길 11 (장성동)","37611","온더웨이브하우스","2023-08-31 09:27:19","I","2023-09-02 00:18:46","","414410.668193608","287532.878403992","외국인관광 도시민박업","","","0","","","","","0","0","0","0","","","0","0","","0","0","","0","75.2","","0","","","","","","","0","","","","75",
"6","외국인관광도시민박업","03_11_04_P","5020000","CDFI2262212019000001","2019-06-04","","01","영업/정상","13","영업중","","","","","","","","경상북도 포항시 남구 연일읍 유강리 594번지 청구타운 101동 808호","경상북도 포항시 남구 연일읍 유강길 28, 101동 808호 (청구타운)","37655","yooriver guest house","2019-08-09 11:02:50","U","2019-08-11 02:40:00","","409063.981040794","280884.343180021","외국인관광 도시민박업","","","","","","","","","","3","","","","","","","","","","","","","","","","","","","","","","","","",
"7","외국인관광도시민박업","03_11_04_P","5020000","CDFI2262212023000006","2023-06-30","","01","영업/정상","13","영업중","","","","","","","","경상북도 포항시 북구 두호동 216-2 명사마을","경상북도 포항시 북구 삼호로 324-29, C동 202호 (두호동, 명사마을)","37612","Julia house","2023-06-30 09:51:44","I","2023-07-02 00:19:39","","414856.623059129","287633.535826376","외국인관광 도시민박업","","","0","","","","","0","0","0","0","","","0","0","","0","0","","0","0","","0","","","","","","","0","","","","0",
"8","외국인관광도시민박업","03_11_04_P","5020000","CDFI2262212019000002","2019-07-10","","01","영업/정상","13","영업중","","","","","","","","경상북도 포항시 북구 상원동 447-10번지","경상북도 포항시 북구 중앙로298번길 4-1, 3층 (상원동)","37736","포데로사 guest house","2019-08-09 11:03:25","U","2019-08-11 02:40:00","","413222.727316972","284684.508613933","외국인관광 도시민박업","","","3","","","","","","","3","","","","","","","","","","","","","","","","","","","","","","","","",
"9","외국인관광도시민박업","03_11_04_P","5020000","CDFI2262212024000007","2024-09-27","","01","영업/정상","13","영업중","","","","","","","","경상북도 포항시 북구 환호동 492-16 환호빌라","경상북도 포항시 북구 삼호로501번길 2-7, 102호 (환호동, 환호빌라)","37601","foret","2024-09-27 15:02:53","I","2024-09-29 00:12:43","","415933.539921403","288466.661872865","외국인관광 도시민박업","","일반주거지역","0","","","","다세대주택","0","0","0","0","","","0","0","","0","0","","0","171.41","","0","","","","","","","0","","","","171",
"10","외국인관광도시민박업","03_11_04_P","5020000","CDFI2262212024000009","2024-10-16","","01","영업/정상","13","영업중","","","","","","","","경상북도 포항시 남구 대잠동 944-16","경상북도 포항시 남구 새천년대로422번길 17-3, 4층 502호 (대잠동)","37761","포항게스트하우스","2024-10-16 12:57:59","I","2024-10-18 00:12:54","","411438.053265726","281727.499640747","외국인관광 도시민박업","","일반상업지역","4","","","","다가구용 주택(공동주택적용)","4","0","0","0","","","0","0","","0","0","","0","143.23","","0","","","","","","","0","","","","143",
"11","외국인관광도시민박업","03_11_04_P","5020000","CDFI2262212024000008","2024-10-10","","01","영업/정상","13","영업중","","","","","","","","경상북도 포항시 남구 송도동 498-11","경상북도 포항시 남구 희망대로 1091-2 (송도동)","37804","봉식스테이","2024-10-10 19:45:37","I","2024-10-12 00:12:32","","414397.562683713","283468.87200454","외국인관광 도시민박업","","일반주거지역","2","","","","단독주택","2","0","0","0","","","0","0","","0","0","","0","99.21","","0","","","","","","","0","","","","99",
"12","외국인관광도시민박업","03_11_04_P","5020000","CDFI2262212024000006","2024-06-24","","01","영업/정상","13","영업중","","","","","","","","경상북도 포항시 남구 송도동 254-845","경상북도 포항시 남구 서동로 161 (송도동)","37731","stay song","2024-06-24 16:24:12","I","2024-06-26 00:14:03","","414019.935383639","284810.793096971","외국인관광 도시민박업","","","1","","","","단독주택","1","0","0","0","","","0","0","","0","0","","0","99.66","","0","","","","","","","0","","","","100",
"13","외국인관광도시민박업","03_11_04_P","5020000","CDFI2262212024000004","2024-06-03","","01","영업/정상","13","영업중","","","","","","","","경상북도 포항시 북구 두호동 241-5","경상북도 포항시 북구 삼호로 354-10, 2층 (두호동)","37612","엘레하우스","2024-06-03 14:14:28","I","2024-06-05 00:14:21","","414987.246830479","287764.971483421","외국인관광 도시민박업","","","1","","","","","2","0","0","0","","","0","0","","0","0","","0","0","","0","","","","","","","0","","","","0",
"14","외국인관광도시민박업","03_11_04_P","5020000","CDFI2262212024000005","2024-06-03","","01","영업/정상","13","영업중","","","","","","","","경상북도 포항시 북구 우현동 93-13","경상북도 포항시 북구 중앙로419번길 8-2, 2층 (우현동)","37701","썬하우스","2024-06-03 14:17:33","I","2024-06-05 00:14:21","","412735.312570204","285833.715882382","외국인관광 도시민박업","","","1","","","","","2","0","0","0","","","0","0","","0","0","","0","0","","0","","","","","","","0","","","","0",
"15","외국인관광도시민박업","03_11_04_P","5020000","CDFI2262212020000001","2020-01-30","","01","영업/정상","13","영업중","","","","","","","","경상북도 포항시 북구 항구동 45-6","경상북도 포항시 북구 학전로 20-9, 3층 (항구동)","37714","아티스트하우스(Artist House)","2023-10-17 15:33:07","U","2023-10-19 02:40:00","","413925.37694344","286417.475448827","외국인관광 도시민박업","","","0","","","","","0","0","0","0","","","0","0","","0","0","","0","119.1","","0","","","","","","","0","","","","119",
"16","외국인관광도시민박업","03_11_04_P","5020000","CDFI2262212023000005","2023-04-06","","01","영업/정상","13","영업중","","","","","","","","경상북도 포항시 북구 장성동 1356-5","경상북도 포항시 북구 삼흥로18번길 13, 4층 (장성동)","37611","우리동네bnb","2023-04-06 22:13:34","I","2023-04-08 00:20:23","","414429.19108508","287542.958356956","외국인관광 도시민박업","","","0","","","","","0","0","0","0","","","0","0","","0","0","","0","0","","0","","","","","","","100000000","","","","0",
"17","외국인관광도시민박업","03_11_04_P","5020000","CDFI2262212024000002","2024-04-16","","01","영업/정상","13","영업중","","","","","","","","경상북도 포항시 남구 송도동 463-9","경상북도 포항시 남구 송림로22번길 12-7 (송도동)","37799","카머스게스트하우스","2024-11-05 10:09:30","U","2024-11-07 02:40:00","","414228.441245606","283845.808547099","외국인관광 도시민박업","","","1","","","","","1","0","0","0","","","0","0","","0","0","","0","65.94","","0","","","","","","","0","","","","66",
"18","외국인관광도시민박업","03_11_04_P","5020000","CDFI2262212024000003","2024-05-16","","01","영업/정상","13","영업중","","","","","","","","경상북도 포항시 남구 송도동 482-23","경상북도 포항시 남구 축항로 95-3 (송도동)","37799","일류공간","2024-05-26 17:17:01","U","2024-05-28 02:40:00","","414337.447180838","283728.980414792","외국인관광 도시민박업","","일반주거지역","0","","","","단독주택","0","0","0","0","","","0","0","","0","0","","0","84.9","","0","","","","","","","0","","","","85",
"19","외국인관광도시민박업","03_11_04_P","5020000","CDFI2262212023000003","2023-03-06","","01","영업/정상","13","영업중","","","","","","","","경상북도 포항시 북구 여남동 366","경상북도 포항시 북구 여남포길21번길 6-14 (여남동)","37598","스토리뷰","2023-03-06 17:12:39","I","2023-03-08 00:41:12","","416872.261703341","288690.429092532","외국인관광 도시민박업","","","0","","","","","0","0","0","0","","","0","0","","0","0","","0","0","","0","","","","","","","0","","","","0",
"20","외국인관광도시민박업","03_11_04_P","5020000","CDFI2262212023000004","2023-03-15","","01","영업/정상","13","영업중","","","","","","","","경상북도 포항시 북구 환호동 157-15","경상북도 포항시 북구 해안로445번길 20-11, 3층 (환호동)","37598","그랑블루","2023-03-15 17:12:43","I","2023-03-17 00:41:34","","416628.473877418","288605.304610514","외국인관광 도시민박업","","","0","","","","","0","0","0","0","","","0","0","","0","0","","0","0","","0","","","","","","","0","","","","0",
"21","외국인관광도시민박업","03_11_04_P","5020000","CDFI2262212024000001","2024-03-05","","01","영업/정상","13","영업중","","","","","","","","경상북도 포항시 북구 죽도동 625-15 중앙종합시장 210호","경상북도 포항시 북구 양학천로 29, 중앙종합시장 210호 (죽도동)","37752","테오스테이3","2024-03-05 10:51:58","I","2024-03-08 00:15:56","","412258.034211503","282870.162323136","외국인관광 도시민박업","","","0","","","","연립주택","0","0","0","0","","","0","0","","0","0","","0","43.2","","0","","","","","","","0","","","","43",
"22","외국인관광도시민박업","03_11_04_P","5020000","CDFI2262212023000001","2023-01-11","","01","영업/정상","13","영업중","","","","","","","","경상북도 포항시 북구 두호동 86","경상북도 포항시 북구 해안로241번길 8-1 (두호동)","37612","윤슬","2023-01-11 10:16:50","I","2023-01-13 00:40:37","","415230.053160632","287472.558248344","외국인관광 도시민박업","","","0","","","","","0","0","0","0","","","0","0","","0","0","","0","0","","0","","","","","","","0","","","","0",
"23","외국인관광도시민박업","03_11_04_P","5020000","CDFI2262212022000004","2022-12-27","","01","영업/정상","13","영업중","","","","","","","","경상북도 포항시 북구 신흥동 704-11","경상북도 포항시 북구 불종로27번길 23-3 (신흥동)","37706","stay song","2022-12-27 16:23:05","I","2022-12-29 00:40:29","","412862.258675908","284835.698093224","외국인관광 도시민박업","","","0","","","","","0","0","0","0","","","0","0","","0","0","","0","0","","0","","","","","","","0","","","","0",
"24","외국인관광도시민박업","03_11_04_P","5020000","CDFI2262212022000003","2022-11-24","","01","영업/정상","13","영업중","","","","","","","","경상북도 포항시 북구 환호동 512-13","경상북도 포항시 북구 환호공원길91번길 3, 2층 (환호동)","37600","하노양옥","2022-11-24 18:37:59","I","2022-11-26 00:22:22","","416096.662843477","288106.375006474","외국인관광 도시민박업","","","0","","","","","0","0","0","0","","","0","0","","0","0","","0","0","","0","","","","","","","0","","","","0",
"25","외국인관광도시민박업","03_11_04_P","5020000","CDFI2262212025000009","2025-03-28","","01","영업/정상","13","영업중","","","","","","","","경상북도 포항시 북구 두호동 1030-2 낙원빌라","경상북도 포항시 북구 삼호로245번길 19, 낙원빌라 A동 1층 101호 (두호동, 낙원빌라)","37626","A1하우스","2025-03-28 15:43:34","I","2025-03-30 00:10:22","","414087.083134368","287088.597080794","외국인관광 도시민박업","","","0","","","","","0","0","0","0","","","0","0","","0","0","","0","0","","0","","","","","","","0","","","","0",
"26","외국인관광도시민박업","03_11_04_P","5020000","CDFI2262212025000002","2025-02-27","","01","영업/정상","13","영업중","","","","","","","","경상북도 포항시 북구 항구동 347-27","경상북도 포항시 북구 삼호로189번길 6-7 (항구동)","37714","테리스테이","2025-02-27 10:40:42","I","2025-03-01 00:10:37","","414034.876847926","286580.103014213","외국인관광 도시민박업","","","0","","","","","0","0","0","0","","","0","0","","0","0","","0","0","","0","","","","","","","0","","","","0",
"27","외국인관광도시민박업","03_11_04_P","5020000","CDFI2262212025000003","2025-02-27","","01","영업/정상","13","영업중","","","","","","","","경상북도 포항시 북구 두호동 903-2","경상북도 포항시 북구 학전로 100, 3층 (두호동)","37625","솜이하우스","2025-02-27 20:47:37","I","2025-03-01 00:10:37","","414007.816256283","287155.336535962","외국인관광 도시민박업","","","0","","","","","0","0","0","0","","","0","0","","0","0","","0","0","","0","","","","","","","0","","","","0",
"28","외국인관광도시민박업","03_11_04_P","5020000","CDFI2262212025000007","2025-03-13","","01","영업/정상","13","영업중","","","","","","","","경상북도 포항시 북구 환호동 494-12","경상북도 포항시 북구 삼호로501번길 16 (환호동)","37601","오롯, 쉼","2025-03-13 09:01:50","I","2025-03-15 00:10:24","","415979.207268622","288333.04885393","외국인관광 도시민박업","","","0","","","","","0","0","0","0","","","0","0","","0","0","","0","0","","0","","","","","","","0","","","","0",
"29","외국인관광도시민박업","03_11_04_P","5020000","CDFI2262212025000008","2025-03-13","","01","영업/정상","13","영업중","","","","","","","","경상북도 포항시 남구 송도동 390-17","경상북도 포항시 남구 송림로123번길 9-1 (송도동)","37732","칠성민박","2025-03-13 09:05:23","I","2025-03-15 00:10:24","","413788.378713283","284860.397190848","외국인관광 도시민박업","","","0","","","","","0","0","0","0","","","0","0","","0","0","","0","0","","0","","","","","","","0","","","","0",
"30","외국인관광도시민박업","03_11_04_P","5020000","CDFI2262212025000004","2025-03-10","","01","영업/정상","13","영업중","","","","","","","","경상북도 포항시 북구 장성동 1422-1 강남빌리지","경상북도 포항시 북구 천마로45번길 21, 강남빌리지 4층 401호 (장성동)","37588","수봉봉게스트하우스B","2025-03-10 11:49:43","I","2025-03-12 00:10:35","","415623.877721015","289319.327959228","외국인관광 도시민박업","","","0","","","","","0","0","0","0","","","0","0","","0","0","","0","0","","0","","","","","","","0","","","","0",
"31","외국인관광도시민박업","03_11_04_P","5020000","CDFI2262212025000005","2025-03-10","","01","영업/정상","13","영업중","","","","","","","","경상북도 포항시 북구 장성동 1422-1 강남빌리지","경상북도 포항시 북구 천마로45번길 21, 강남빌리지 2층 201호 (장성동)","37588","수봉봉게스트하우스A","2025-03-10 11:51:18","I","2025-03-12 00:10:35","","415623.877721015","289319.327959228","외국인관광 도시민박업","","일반주거지역","0","","","","","0","0","0","0","","","0","0","","0","0","","0","66","","0","","","","","","","0","","","","66",
"32","외국인관광도시민박업","03_11_04_P","5020000","CDFI2262212025000006","2025-03-10","","01","영업/정상","13","영업중","","","","","","","","경상북도 포항시 북구 두호동 88","경상북도 포항시 북구 해안로241번길 7 (두호동)","37612","희락하우스","2025-03-10 16:41:03","I","2025-03-12 00:10:35","","415209.08954874","287467.833939008","외국인관광 도시민박업","","","0","","","","","0","0","0","0","","","0","0","","0","0","","0","0","","0","","","","","","","0","","","","0",
"33","외국인관광도시민박업","03_11_04_P","5020000","CDFI2262212022000002","2022-07-27","","01","영업/정상","13","영업중","","","","","","","","경상북도 포항시 남구 송도동 459-4","경상북도 포항시 남구 송림로22번길 28-7 (송도동)","37797","안녕, 송도","2023-01-02 17:07:07","U","2023-01-04 02:40:00","","414377.557837599","283876.430878538","외국인관광 도시민박업","","","0","","","","","0","0","0","0","","","0","0","","0","0","","0","0","","0","","","","","","","0","","","","0",
"34","외국인관광도시민박업","03_11_04_P","5020000","CDFI2262212023000010","2023-12-19","","01","영업/정상","13","영업중","","","","","","","","경상북도 포항시 북구 두호동 977","경상북도 포항시 북구 삼호로265번길 24 (두호동)","37620","또미네하우스","2023-12-19 09:28:47","I","2023-12-21 00:17:03","","414170.204559913","287259.356985193","외국인관광 도시민박업","","","0","","","","단독주택","0","0","0","0","","","0","0","","0","0","","0","28.54","","0","","","","","","","0","","","","29",
"35","외국인관광도시민박업","03_11_04_P","5020000","CDFI2262212022000001","2022-06-17","","01","영업/정상","13","영업중","","","","","","","","경상북도 포항시 북구 장성동 1558-14","경상북도 포항시 북구 법원로25번길 22-3 (장성동)","37583","Is this cafe?","2022-06-17 09:35:54","I","2022-06-19 00:22:30","","414625.406180836","288957.933285352","외국인관광 도시민박업","","","0","","","","","0","0","0","0","","","0","0","","0","0","","0","0","","0","","","","","","","0","","","","0",
"36","외국인관광도시민박업","03_11_04_P","5020000","CDFI2262212023000009","2023-11-22","","01","영업/정상","13","영업중","","","","","","","","경상북도 포항시 북구 환호동 2-12","경상북도 포항시 북구 여남포길21번길 15-8 (환호동)","37598","에스피에스타","2023-11-22 18:13:57","I","2023-11-24 00:17:14","","416737.768276361","288560.472402895","외국인관광 도시민박업","","","0","","","","","0","0","0","0","","","0","0","","0","0","","0","0","","0","","","","","","","0","","","","0",
"37","외국인관광도시민박업","03_11_04_P","5020000","CDFI2262212023000008","2024-11-21","","01","영업/정상","13","영업중","","","","","","","","경상북도 포항시 북구 창포동 618-14","경상북도 포항시 북구 창흥로 30, 3층 301호 (창포동)","37631","꾸메스테이(ccume stay)","2024-11-21 18:09:38","U","2024-11-23 02:40:00","","413263.491374836","287303.740888659","외국인관광 도시민박업","","","0","","","","","0","0","0","0","","","0","0","","0","0","","0","82.64","","0","","","","","","","0","","","","83",
"38","외국인관광도시민박업","03_11_04_P","5020000","CDFI2262212024000014","2024-12-23","","01","영업/정상","13","영업중","","","","","","","","경상북도 포항시 북구 두호동 216-2 명사마을","경상북도 포항시 북구 삼호로 324-29, A동 2층 201호 (두호동, 명사마을)","37612","제제하우스","2024-12-23 09:40:52","I","2024-12-25 00:11:30","","414856.623059129","287633.535826376","외국인관광 도시민박업","","일반주거지역","0","","","","","0","0","0","0","","","0","0","","0","0","","0","63.94","","0","","","","","","","0","","","","64",
"39","외국인관광도시민박업","03_11_04_P","5020000","CDFI2262212024000015","2024-12-23","","01","영업/정상","13","영업중","","","","","","","","경상북도 포항시 북구 두호동 181-3","경상북도 포항시 북구 삼호로 324-32 (두호동)","37612","아라하우스","2024-12-23 10:03:07","I","2024-12-25 00:11:30","","414905.172280205","287610.724299113","외국인관광 도시민박업","","준주거지역","2","","","","단독주택","2","0","0","0","","","0","0","","0","0","","0","76.23","","0","","","","","","","0","","","","76",
"40","외국인관광도시민박업","03_11_04_P","5020000","CDFI2262212024000016","2024-12-23","","01","영업/정상","13","영업중","","","","","","","","경상북도 포항시 남구 해도동 11-1","경상북도 포항시 남구 해동로129번길 13 (해도동)","37786","KIM's BNB 외국인관광도시민박업","2024-12-23 10:04:11","I","2024-12-25 00:11:30","","413534.80164251","283729.105044509","외국인관광 도시민박업","","","0","","","","","0","0","0","0","","","0","0","","0","0","","0","0","","0","","","","","","","0","","","","0",
"41","외국인관광도시민박업","03_11_04_P","5020000","CDFI2262212024000013","2024-12-19","","01","영업/정상","13","영업중","","","","","","","","경상북도 포항시 북구 흥해읍 대련리 1377","경상북도 포항시 북구 흥해읍 펜타시티단지로 25, 205동 26층 2601호","37653","더휴스테이","2024-12-19 09:22:07","I","2024-12-21 00:11:33","","","","외국인관광 도시민박업","","","0","","","","","0","0","0","0","","","0","0","","0","0","","0","84.85","","0","","","","","","","0","","","","85",
"42","외국인관광도시민박업","03_11_04_P","5020000","CDFI2262212024000017","2024-12-30","","01","영업/정상","13","영업중","","","","","","","","경상북도 포항시 북구 창포동 616-4","경상북도 포항시 북구 창흥로36번길 10, 3층 301호 (창포동)","37631","스테이아늑","2024-12-30 14:20:51","I","2025-01-01 00:11:33","","413277.594382429","287391.405163894","외국인관광 도시민박업","","일반주거지역","3","","","","단독주택","3","0","0","0","","","0","0","","0","0","","0","105.36","","0","","","","","","","0","","","","105",
"43","외국인관광도시민박업","03_11_04_P","5020000","CDFI2262212024000011","2024-12-09","","01","영업/정상","13","영업중","","","","","","","","경상북도 포항시 북구 죽도동 658-11","경상북도 포항시 북구 중흥로161번길 5, 3층 303호 (죽도동)","37756","포항레지던스","2024-12-09 15:00:29","I","2024-12-11 00:12:11","","412153.001421867","282396.16076381","외국인관광 도시민박업","","일반상업지역","0","","","","","0","0","0","0","","","0","0","","0","0","","0","66.65","","0","","","","","","","0","","","","67",
"44","외국인관광도시민박업","03_11_04_P","5020000","CDFI2262212024000010","2024-11-27","","01","영업/정상","13","영업중","","","","","","","","경상북도 포항시 북구 장성동 1547-16","경상북도 포항시 북구 법원로51번길 37, 4층 503호 (장성동)","37583","j.스테이","2024-11-27 09:51:11","I","2024-11-30 00:11:51","","414447.516885066","289159.16880279","외국인관광 도시민박업","","일반주거지역","4","","","","단독주택","4","0","0","0","","","0","0","","0","0","","0","50.01","","0","","","","","","","0","","","","50",
"45","외국인관광도시민박업","03_11_04_P","5020000","CDFI2262212025000001","2025-01-07","","01","영업/정상","13","영업중","","","","","","","","경상북도 포항시 북구 환호동 496-6","경상북도 포항시 북구 삼호로 493, 4층 (환호동)","37601","오목눈이","2025-01-07 13:54:19","I","2025-01-09 00:11:18","","416011.466432592","288368.46187667","외국인관광 도시민박업","","준주거지역","4","","","","단독주택","4","0","0","0","","","0","0","","0","0","","0","121.15","","0","","","","","","","0","","","","121",
"46","외국인관광도시민박업","03_11_04_P","5020000","CDFI2262212024000012","2024-12-17","","01","영업/정상","13","영업중","","","","","","","","경상북도 포항시 북구 항구동 45-9","경상북도 포항시 북구 학전로 20-5 (항구동)","37714","바다스테이","2024-12-17 10:00:24","I","2024-12-19 00:12:16","","413909.560125884","286401.271126275","외국인관광 도시민박업","","일반주거지역","2","","","","단독주택","2","0","0","0","","","0","0","","0","0","","0","82.17","","0","","","","","","","0","","","","82",
"47","외국인관광도시민박업","03_11_04_P","5050000","CDFI2262212012000002","2012-03-29","","02","휴업","02","휴업","","2023-02-13","2024-02-13","","","","","경상북도 경주시 동천동 733-410","경상북도 경주시 원화로392번길 8-2 (동천동)","38104","Tavo House","2023-02-15 17:31:47","U","2023-02-17 02:40:00","","400442.784277378","263930.577086122","외국인관광 도시민박업","","일반주거지역","1","주택가주변","","","단독주택","1","0","5","0","","","0","0","","0","0","","0","97.35","","0","","","","","","","0","","","","97",
"48","외국인관광도시민박업","03_11_04_P","5050000","CDFI2262212018000006","2018-12-27","","03","폐업","03","폐업","2023-02-09","","","","","","","경상북도 경주시 동방동 70-4","경상북도 경주시 동방중앙길 54-37, 401호 (동방동)","38176","포레스트","2023-02-09 21:20:24","U","2023-02-11 02:40:00","","404517.469801841","258473.110437025","외국인관광 도시민박업","","","0","","","","","0","0","2","194","","","0","0","","0","0","","0","193.5","","0","","","","","","","0","","","","194",
"49","외국인관광도시민박업","03_11_04_P","5050000","CDFI2262212019000002","2019-03-28","","03","폐업","03","폐업","2023-04-18","","","","","","","경상북도 경주시 노서동 43-6","경상북도 경주시 동성로 76-3 (노서동)","38155","다다맨션","2023-04-19 10:08:05","U","2023-04-21 02:40:00","","399488.057719648","262608.146376536","외국인관광 도시민박업","","","0","","","","","0","0","1","0","","","0","0","","0","0","","0","41.61","","0","","","","","","","0","","","","42",
"50","외국인관광도시민박업","03_11_04_P","5050000","CDFI2262212012000003","2012-07-03","","03","폐업","03","폐업","2020-11-10","","","","054-771-9777","","","경상북도 경주시 황오동 232","경상북도 경주시 원효로 121 (황오동)","38153","산타게스트하우스","2020-11-10 13:34:25","U","2020-11-12 02:40:00","","399970.477013064","262469.526351033","외국인관광 도시민박업","","상업지역","3","기타","","","단독주택","3","","","","","","","","","","","","","104","","","","","","","","","20000000","","","","104",
"51","외국인관광도시민박업","03_11_04_P","5050000","CDFI2262212012000004","2012-10-11","","03","폐업","03","폐업","2018-04-30","","","","","","","경상북도 경주시 사정동 166번지","경상북도 경주시 첨성로 61-8 (사정동)","","호모 노마드","2018-05-02 11:14:13","I","2018-08-31 23:59:59","","399535.264223217","261524.09193969","외국인관광 도시민박업","","","","","","","","","","","","","","","","","","","","","124.28","","","","","","","","","","","","","124",
"52","외국인관광도시민박업","03_11_04_P","5050000","CDFI2262212013000004","2013-09-26","","03","폐업","03","폐업","2020-08-19","","","","0547440909","","","경상북도 경주시 노서동","경상북도 경주시 태종로 727-31 (노서동)","","Dreamer guest house","2020-08-19 16:18:26","U","2020-08-21 02:40:00","","","","외국인관광 도시민박업","","일반상업지역","2","학교정화(상대)","","","단독주택","2","","","","","","","","","","","","","75.4","","","","","","","","","40000000","","","","75",
"53","외국인관광도시민박업","03_11_04_P","5050000","CDFI2262212014000001","2014-10-15","","03","폐업","03","폐업","2018-03-15","","","","","","780-958","경상북도 경주시 황오동","경상북도 경주시 북정로 14 (황오동)","","Ami 게스트하우스","2019-02-25 17:31:10","U","2019-02-27 02:40:00","","400091.679470193","262486.119207265","외국인관광 도시민박업","","일반상업지역","4","","","","단독주택","3","","","","","","","","","","","","","149.18","","","","","","","","","","","","","149",
"54","외국인관광도시민박업","03_11_04_P","5050000","CDFI2262212015000001","2015-01-21","","03","폐업","03","폐업","2019-04-11","","","","","","780-080","경상북도 경주시 황남동","경상북도 경주시 포석로 1064 (황남동)","","선자's 하우스","2019-04-23 08:44:37","U","2019-04-25 02:40:00","","399591.502190477","261789.966317089","외국인관광 도시민박업","","일반주거지역","1","주택가주변","","","단독주택","","","","","","","","","","","","","","67.91","","","","","","","","","","","","","68",
"55","외국인관광도시민박업","03_11_04_P","5050000","CDFI2262212015000002","2015-04-22","","03","폐업","03","폐업","2021-08-12","","","","","","","경상북도 경주시 서악동 889","경상북도 경주시 노하길 42-2 (서악동)","38064","Initial Guesthouse","2021-08-12 13:16:58","U","2021-08-14 02:40:00","","397843.16455579","260168.365227828","외국인관광 도시민박업","","보전녹지지역","","","","","단독주택","","","","","","","","","","","","","","","","","","","","","","","","","","","",
"56","외국인관광도시민박업","03_11_04_P","5050000","CDFI2262212015000003","2015-06-09","","03","폐업","03","폐업","2019-04-19","","","","7410450","","780-943","경상북도 경주시 성건동","경상북도 경주시 동성로 34 (성건동)","","카라","2019-04-29 14:30:39","U","2019-05-01 02:40:00","","399054.300580093","262595.856440584","외국인관광 도시민박업","","","","","","","","","","","","","","","","","","","","","","","","","","","","","","","","","","",
"57","외국인관광도시민박업","03_11_04_P","5050000","CDFI2262212015000004","2015-07-06","","03","폐업","03","폐업","2021-05-03","","","","","","","경상북도 경주시 노서동 169-20","경상북도 경주시 금성로247번길 17-5 (노서동)","38157","BE MY GUEST APARTMENT","2023-02-20 11:28:07","U","2023-02-22 02:40:00","","399167.519685909","262146.033729013","외국인관광 도시민박업","","","0","","","","다가구용 주택(공동주택적용)","0","0","1","0","","","0","0","","0","0","","0","66","","0","","","","","","","0","","","","66",
"58","외국인관광도시민박업","03_11_04_P","5050000","CDFI2262212015000005","2015-08-13","","03","폐업","03","폐업","2020-12-24","","","","054-741-2821","","","경상북도 경주시 황오동 207-3","경상북도 경주시 계림로106번길 4-2 (황오동)","","다온 게스트하우스","2020-12-29 11:55:44","U","2020-12-31 02:40:00","","399957.002078896","262642.170516509","외국인관광 도시민박업","","일반상업지역","","기타","","","단독주택","3","","","","","","","","","","","","","52.63","","","","","","","","","","","","","53",
"59","외국인관광도시민박업","03_11_04_P","5050000","CDFI2262212015000006","2015-09-11","","03","폐업","03","폐업","2018-10-01","","","","","","","경상북도 경주시 동천동 942-7번지","경상북도 경주시 초당길55번길 17-5 (동천동, 자운당)","","실크로드 가봄","2018-10-30 18:45:18","U","2018-11-01 02:36:24","","401886.842301611","262914.550220364","외국인관광 도시민박업","","일반주거지역","2","","","","단독주택","2","","","","","","","","","","","","","330.5","","","","","","","","","","","","","331",
"60","외국인관광도시민박업","03_11_04_P","5050000","CDFI2262212016000004","2016-12-14","","03","폐업","03","폐업","2020-06-24","","","","","","","경상북도 경주시 노서동 124-17","경상북도 경주시 태종로711번길 20 (노서동)","38157","PICA PICA","2020-06-24 09:27:18","U","2020-06-26 02:40:00","","399248.214331523","262290.612268004","외국인관광 도시민박업","","상업지역","","","","","단독주택","","","","","","","","","","","","","","105.07","","","","","","","","","","","","","105",
"61","외국인관광도시민박업","03_11_04_P","5050000","CDFI2262212018000003","2018-05-17","","03","폐업","03","폐업","2022-06-01","","","","","","","경상북도 경주시 사정동 166","경상북도 경주시 첨성로 61-8 (사정동)","38167","모냥 게스트하우스","2022-06-22 14:23:50","U","2022-06-25 02:40:00","","399535.264223217","261524.09193969","외국인관광 도시민박업","","","0","","","","","0","0","5","0","","","0","0","","0","0","","0","124.28","","0","","","","","","","0","","","","124",
"62","외국인관광도시민박업","03_11_04_P","5050000","CDFI2262212016000001","2016-01-26","","03","폐업","03","폐업","2021-04-30","","","","","","","경상북도 경주시 인왕동 755-1","경상북도 경주시 원화로 178-3 (인왕동)","","파인데이 게스트하우스","2021-07-21 17:20:15","U","2021-07-23 02:40:00","","400518.276668471","261957.788498389","외국인관광 도시민박업","","일반주거지역","0","","","","단독주택","0","0","0","0","","","0","0","","0","0","","0","102.45","","0","","","","","","","0","","","","102",
"63","외국인관광도시민박업","03_11_04_P","5050000","CDFI2262212016000003","2016-04-28","","03","폐업","03","폐업","2023-01-15","","","","","","","경상북도 경주시 사정동 47-28","경상북도 경주시 사정로 47-1 (사정동)","38167","경주로 여행","2023-02-10 17:30:42","U","2023-02-12 02:40:00","","399455.8404651","261874.08382676","외국인관광 도시민박업","","","0","","","","다가구용 주택(공동주택적용)","0","0","5","0","Trip to Gyeongju","Entertainment Business for foreigner only","0","0","","0","0","","0","87.36","","0","","","","","","","0","","","","87",
"64","외국인관광도시민박업","03_11_04_P","5050000","CDFI2262212017000001","2017-09-19","","03","폐업","03","폐업","2019-06-30","","","","","","","경상북도 경주시 황남동 282번지","경상북도 경주시 포석로 1078-7 (황남동)","38166","경주한복판","2019-06-26 11:22:45","U","2019-06-28 02:40:00","","399641.23748943","261936.487588354","외국인관광 도시민박업","","","","","","","","","","","","","","","","","","","","","","","","","","","","","","","","","","",
"65","외국인관광도시민박업","03_11_04_P","5050000","CDFI2262212018000001","2018-04-18","","03","폐업","03","폐업","2021-02-17","","","","","","","경상북도 경주시 사정동 129-2","경상북도 경주시 금성로196번길 15-3 (사정동)","38167","서라벌의 아침","2021-02-18 20:14:51","U","2021-02-20 02:40:00","","399525.553572762","261691.356460573","외국인관광 도시민박업","","","","","","","","","","","","","","","","","","","","","","","","","","","","","","","","","","",
"66","외국인관광도시민박업","03_11_04_P","5050000","CDFI2262212018000002","2018-05-15","","03","폐업","03","폐업","2022-03-03","","","","","","","경상북도 경주시 성건동 677-116 신흥그린시아3차 302호","경상북도 경주시 금성로372번길 40, 302호 (성건동, 신흥그린시아3차)","38136","Walden, Golden city Gyeongju","2022-03-15 17:11:32","U","2022-03-17 02:40:00","","399660.994784921","263540.11567701","외국인관광 도시민박업","","","0","","","","","0","0","2","0","","","0","0","","0","0","","0","84.8","","0","","","","","","","0","","","","85",
"67","외국인관광도시민박업","03_11_04_P","5050000","CDFI2262212018000004","2018-10-10","","03","폐업","03","폐업","2019-10-21","","","","","","","경상북도 경주시 노서동 124-4번지 라온펠리스","경상북도 경주시 원효로52번길 24 (노서동, 라온펠리스)","38157","킴스홈","2019-10-30 11:29:30","U","2019-11-01 02:40:00","","399268.765625455","262257.222240759","외국인관광 도시민박업","","","","","","","","","","","","","","","","","","","","","","","","","","","","","","","","","","",
"68","외국인관광도시민박업","03_11_04_P","5050000","CDFI2262212019000004","2019-07-12","","03","폐업","03","폐업","2023-04-07","","","","","","","경상북도 경주시 구정동 616-167","경상북도 경주시 시래둑길 55, 105동 401호 (구정동)","38129","jw house","2023-04-07 11:37:46","U","2023-04-09 02:40:00","","408248.669387051","255487.709494158","외국인관광 도시민박업","","","0","","","","","0","0","1","0","","","0","0","","0","0","","0","58.97","","0","","","","","","","0","","","","59",
"69","외국인관광도시민박업","03_11_04_P","5050000","CDFI2262212019000008","2019-12-13","","03","폐업","03","폐업","2020-11-19","","","","","","","경상북도 경주시 성건동 584-12","경상북도 경주시 국민주택길 27-12 (성건동)","38131","라파엘","2020-11-20 11:44:51","U","2020-11-22 02:40:00","","399002.863375918","263999.242437751","외국인관광 도시민박업","","","","","","","","","","","","","","","","","","","","","","","","","","","","","","","","","","",
"70","외국인관광도시민박업","03_11_04_P","5050000","CDFI2262212020000001","2020-02-19","","03","폐업","03","폐업","2023-07-24","","","","","","","경상북도 경주시 동천동 926-5","경상북도 경주시 초당길27번길 16, 그린빌 (동천동)","38112","초록빌","2023-07-25 17:52:55","U","2023-07-27 02:40:00","","401656.435011378","262961.335305234","외국인관광 도시민박업","","일반주거지역","4","주택가주변","","","다가구용 주택(공동주택적용)","4","0","2","0","","","0","0","","0","0","","0","86.19","","0","","","","","","","0","","","","86",
"71","외국인관광도시민박업","03_11_04_P","5050000","CDFI2262212023000003","2023-05-10","","03","폐업","03","폐업","2025-01-14","","","","","","","경상북도 경주시 황남동 282-1","경상북도 경주시 손효자길 17 (황남동)","38166","스테이 레이지 선데이","2025-01-14 18:20:39","U","2025-01-16 02:40:00","","399645.859244251","261955.678764327","외국인관광 도시민박업","","일반주거지역","1","주택가주변","","","단독주택","1","0","0","0","","","0","0","","0","0","","0","86.57","","0","","","","","","","0","","","","87",
"72","외국인관광도시민박업","03_11_04_P","5050000","CDFI2262212024000001","2024-02-27","","03","폐업","03","폐업","2024-08-10","","","","","","","경상북도 경주시 성동동 23-9","경상북도 경주시 양정로130번길 11 (성동동)","38149","행복꿈자리","2024-09-10 15:38:36","U","2024-09-12 02:40:00","","400665.094471381","262893.762765498","외국인관광 도시민박업","","일반주거지역","1","주택가주변","","","단독주택","1","0","0","0","","","0","0","","0","0","","0","49.59","","0","","","","","","","10000000","","","","50",
"73","외국인관광도시민박업","03_11_04_P","5050000","CDFI2262212021000011","2021-09-14","","03","폐업","03","폐업","2022-12-23","","","","","","","경상북도 경주시 황남동 248-4","경상북도 경주시 손효자길 11-1 (황남동)","38166","기와스테이륜","2023-01-09 18:01:59","U","2023-01-11 02:40:00","","399654.443844709","261909.148670225","외국인관광 도시민박업","","일반주거지역","1","주택가주변","","","단독주택","1","0","3","0","","","0","0","","0","0","","0","61.74","","0","","","","","","","10000000","","","","62",
"74","외국인관광도시민박업","03_11_04_P","5050000","CDFI2262212020000008","2020-09-29","","03","폐업","03","폐업","2023-03-13","","","","","","","경상북도 경주시 황남동 325-1","경상북도 경주시 포석로 1038-10 (황남동)","38166","하담","2023-03-15 17:54:38","U","2023-03-17 02:40:00","","399629.615595882","261579.851049713","외국인관광 도시민박업","","일반주거지역","1","주택가주변","","","단독주택","1","0","3","0","Goyo","Entertainment Business for foreigner only","0","0","","0","0","","0","65.28","","0","","","","","","","0","","","","65",
"75","외국인관광도시민박업","03_11_04_P","5050000","CDFI2262212022000011","2022-09-30","","03","폐업","03","폐업","2023-03-10","","","","","","","경상북도 경주시 황남동 318-9","경상북도 경주시 포석로 1038-9 (황남동)","38166","스테이여우잠2","2023-03-10 16:57:57","U","2023-03-12 02:40:00","","399619.266489664","261592.696252038","외국인관광 도시민박업","","일반주거지역","1","","","","단독주택","1","0","0","0","","","0","0","","0","0","","0","59.17","","0","","","","","","","100000000","","","","59",
"76","외국인관광도시민박업","03_11_04_P","5050000","CDFI2262212022000012","2022-09-30","","03","폐업","03","폐업","2023-03-10","","","","","","","경상북도 경주시 황남동 318-8","경상북도 경주시 포석로1050번길 6-5 (황남동)","38166","스테이여우잠3","2023-03-10 16:58:07","U","2023-03-12 02:40:00","","399619.905058482","261605.884671728","외국인관광 도시민박업","","일반주거지역","1","","","","단독주택","1","0","0","0","","","0","0","","0","0","","0","74.25","","0","","","","","","","400000000","","","","74",
"77","외국인관광도시민박업","03_11_04_P","5050000","CDFI2262212021000003","2021-03-30","","03","폐업","03","폐업","2023-05-16","","","","","","","경상북도 경주시 사정동 129-2","경상북도 경주시 금성로196번길 15-3 (사정동)","38167","황남별채","2023-05-19 14:48:19","U","2023-05-21 02:40:00","","399525.553572762","261691.356460573","외국인관광 도시민박업","","주거지역","0","","","","단독주택","0","0","2","0","","","0","0","","0","0","","0","96.87","","0","","","","","","","0","","","","97",
"78","외국인관광도시민박업","03_11_04_P","5050000","CDFI2262212021000004","2021-03-30","","03","폐업","03","폐업","2023-02-22","","","","","","","경상북도 경주시 사정동 107","경상북도 경주시 첨성로39번길 18-2 (사정동)","38168","소소한옥","2023-02-23 08:59:56","U","2023-02-25 02:40:00","","399320.636408851","261636.192175098","외국인관광 도시민박업","","주거지역","0","","","","단독주택","0","0","1","0","","","0","0","","0","0","","0","71.54","","0","","","","","","","0","","","","72",
"79","외국인관광도시민박업","03_11_04_P","5050000","CDFI2262212018000005","2018-12-20","","03","폐업","03","폐업","2022-03-01","","","","","","","경상북도 경주시 노서동 27-2 501호","경상북도 경주시 봉황로51번길 11-1 (노서동)","38155","KIM'S HOUSE","2022-03-07 18:38:30","U","2022-03-10 02:40:00","","399486.518079246","262700.550578828","외국인관광 도시민박업","","","5","","","","단독주택","5","0","3","717","","","0","0","","0","0","","0","145.56","","0","","","","","","","0","","","","146",
"80","외국인관광도시민박업","03_11_04_P","5050000","CDFI2262212022000006","2022-04-20","","01","영업/정상","13","영업중","","","","","","","","경상북도 경주시 북부동 98","경상북도 경주시 북성로105번길 9 (북부동)","38140","B&G 하우스","2022-09-23 15:12:27","U","2022-09-25 02:40:00","","399858.549492601","263094.941541463","외국인관광 도시민박업","","","0","","","","","0","0","2","0","","","0","0","","0","0","","0","46.92","","0","","","","","","","0","","","","47",
"81","외국인관광도시민박업","03_11_04_P","5050000","CDFI2262212012000001","2012-03-23","","01","영업/정상","13","영업중","","","","","","","","경상북도 경주시 황오동 216-2","경상북도 경주시 동성로 129-7 (황오동)","38153","모모제인","2022-03-17 09:43:40","U","2022-03-19 02:40:00","","400002.77365758","262633.689415193","외국인관광 도시민박업","","일반상업지역","1","주택가주변","","","단독주택","1","0","5","0","","","0","0","","0","0","","0","158.81","","0","","","","","","","0","","","","159",
"82","외국인관광도시민박업","03_11_04_P","5050000","CDFI2262212013000003","2013-07-18","","01","영업/정상","13","영업중","","","","","054-774-1116","","","경상북도 경주시 사정동 474-13","경상북도 경주시 사정로 9 (사정동)","38168","유게스트하우스","2021-10-27 10:10:14","U","2021-10-29 02:40:00","","399085.516383382","261923.698664128","외국인관광 도시민박업","","일반주거지역","1","","","","단독주택","0","0","6","0","","","0","0","","0","0","","0","52.2","","0","","","","","","","0","","","","52",
"83","외국인관광도시민박업","03_11_04_P","5050000","CDFI2262212015000007","2015-09-14","","01","영업/정상","13","영업중","","","","","","","","경상북도 경주시 황오동 63-1","경상북도 경주시 양정로74번길 5 (황오동)","38151","월지향","2021-10-27 09:58:44","U","2021-10-29 02:40:00","","400791.2354172","262510.957183982","외국인관광 도시민박업","","일반주거지역","3","","","","단독주택","2","1","1","0","","","0","0","","0","0","","0","71.01","","0","","","","","","","0","","","","71",
"84","외국인관광도시민박업","03_11_04_P","5050000","CDFI2262212016000002","2016-04-21","","01","영업/정상","13","영업중","","","","","","","","경상북도 경주시 사정동 99-10","경상북도 경주시 첨성로39번길 15-4 (사정동)","38168","게스트하우스 고도","2021-10-27 09:46:41","U","2021-10-29 02:40:00","","399275.504495952","261623.174173238","외국인관광 도시민박업","","일반주거지역","1","","","","단독주택","1","0","3","0","","","0","0","","0","0","","0","106.65","","0","","","","","","","0","","","","107",
"85","외국인관광도시민박업","03_11_04_P","5050000","CDFI2262212019000001","2019-03-05","","01","영업/정상","13","영업중","","","","","","","","경상북도 경주시 동방동 70-4","경상북도 경주시 동방중앙길 54-37, 601호 (동방동)","38176","The zoom","2021-10-27 09:24:06","U","2021-10-29 02:40:00","","404517.469801841","258473.110437025","외국인관광 도시민박업","","일반주거지역","0","","","","아파트","0","0","2","0","","","0","0","","0","0","","0","75.38","","0","","","","","","","0","","","","75",
"86","외국인관광도시민박업","03_11_04_P","5050000","CDFI2262212019000003","2019-07-08","","01","영업/정상","13","영업중","","","","","","","","경상북도 경주시 감포읍 오류리 353-1","경상북도 경주시 감포읍 감포로 326, A동 2층 202호","38125","비치힐","2022-09-23 14:05:46","U","2022-09-25 02:40:00","","426936.812624798","260269.364886584","외국인관광 도시민박업","","","0","","","","식품위생시설","0","0","1","0","","","0","0","","0","0","","0","94.04","","0","","","","","","","0","","","","94",
"87","외국인관광도시민박업","03_11_04_P","5050000","CDFI2262212019000006","2019-09-18","","01","영업/정상","13","영업중","","","","","","","","경상북도 경주시 황오동 144-28","경상북도 경주시 원효로173번길 4-3 (황오동)","38152","블루플래닛","2023-04-06 18:01:32","U","2023-04-08 02:40:00","","400533.35212394","262488.519724189","외국인관광 도시민박업","","","0","","","","","0","0","3","0","","","0","0","","0","0","","0","96.75","","0","","","","","","","0","","","","97",
"88","외국인관광도시민박업","03_11_04_P","5050000","CDFI2262212022000005","2022-04-15","","01","영업/정상","13","영업중","","","","","","","","경상북도 경주시 동부동 75-13","경상북도 경주시 중앙로 76-17 (동부동)","38145","이돌복네집","2022-04-15 13:21:32","I","2022-04-17 00:22:33","","399808.862895523","263013.884882617","외국인관광 도시민박업","","","0","","","","단독주택","0","0","0","0","","","0","0","","0","0","","0","41.82","","0","","","","","","","0","","","","42",
"89","외국인관광도시민박업","03_11_04_P","5050000","CDFI2262212024000014","2024-10-07","","01","영업/정상","13","영업중","","","","","","","","경상북도 경주시 노서동 169-15","경상북도 경주시 금성로247번길 17-1, 403호 (노서동)","38157","오드리","2024-10-07 09:08:33","I","2024-10-09 00:13:15","","399168.77429741","262181.272931776","외국인관광 도시민박업","","일반상업지역","4","기타","","","다가구용 주택(공동주택적용)","0","0","0","0","","","0","0","","0","0","","0","84.53","","0","","","","","","","0","","","","85",
"90","외국인관광도시민박업","03_11_04_P","5050000","CDFI2262212024000016","2024-11-13","","01","영업/정상","13","영업중","","","","","","","","경상북도 경주시 노서동 169-15 402호","경상북도 경주시 금성로247번길 17-1, 402호 (노서동)","38157","그리스","2024-11-13 15:00:46","I","2024-11-15 00:12:04","","399168.77429741","262181.272931776","외국인관광 도시민박업","","일반상업지역","0","","","","단독주택","4","0","0","0","","","0","0","","0","0","","0","45","","0","","","","","","","0","","","","45",
"91","외국인관광도시민박업","03_11_04_P","5050000","CDFI2262212024000017","2024-11-13","","01","영업/정상","13","영업중","","","","","","","","경상북도 경주시 황오동 43 대이아트빌 2동 102호","경상북도 경주시 임해로123번길 13-7, 2동 102호 (황오동, 대이아트빌)","38150","플로리안 스테이","2024-11-13 10:13:18","I","2024-11-15 00:12:04","","401169.098817703","262567.92188306","외국인관광 도시민박업","","일반주거지역","0","","","","다세대주택","1","0","0","0","","","0","0","","0","0","","0","63.75","","0","","","","","","","0","","","","64",
"92","외국인관광도시민박업","03_11_04_P","5050000","CDFI2262212024000018","2024-11-13","","01","영업/정상","13","영업중","","","","","","","","경상북도 경주시 황오동 43 대이아트빌 2동 103호","경상북도 경주시 임해로123번길 13-7, 2동 103호 (황오동, 대이아트빌)","38150","心,쉼","2024-11-13 10:16:42","I","2024-11-15 00:12:04","","401169.098817703","262567.92188306","외국인관광 도시민박업","","일반주거지역","0","","","","다세대주택","1","0","0","0","","","0","0","","0","0","","0","63.75","","0","","","","","","","0","","","","64",
"93","외국인관광도시민박업","03_11_04_P","5050000","CDFI2262212024000019","2024-11-13","","01","영업/정상","13","영업중","","","","","","","","경상북도 경주시 황오동 43 대이아트빌 2동 301호","경상북도 경주시 임해로123번길 13-7, 2동 301호 (황오동, 대이아트빌)","38150","오로라 경주","2024-11-13 10:23:32","I","2024-11-15 00:12:04","","401169.098817703","262567.92188306","외국인관광 도시민박업","","일반주거지역","0","","","","다세대주택","3","0","0","0","","","0","0","","0","0","","0","71.22","","0","","","","","","","0","","","","71",
"94","외국인관광도시민박업","03_11_04_P","5050000","CDFI2262212024000013","2024-09-03","","01","영업/정상","13","영업중","","","","","","","","경상북도 경주시 성동동 29-18","경상북도 경주시 양정로130번길 8-1 (성동동)","38149","스테이눕","2025-03-02 14:48:24","U","2025-03-04 02:40:00","","400642.80316827","262878.243395689","외국인관광 도시민박업","","일반주거지역","1","","","","단독주택","1","0","0","0","","","0","0","","0","0","","0","77.63","","0","","","","","","","10000000","","","","78",
"95","외국인관광도시민박업","03_11_04_P","5050000","CDFI2262212024000015","2024-11-07","","01","영업/정상","13","영업중","","","","","","","","경상북도 경주시 동방동 44-1","경상북도 경주시 동방안1길 34 (동방동)","38176","힐링 하우스","2024-11-07 09:53:12","I","2024-11-09 00:12:08","","404623.507405107","258587.690555755","외국인관광 도시민박업","","일반주거지역","2","","","","단독주택","2","0","0","0","","","0","0","","0","0","","0","146.17","","0","","","","","","","0","","","","146",
"96","외국인관광도시민박업","03_11_04_P","5050000","CDFI2262212019000005","2019-08-23","","01","영업/정상","13","영업중","","","","","","","","경상북도 경주시 황남동 237-3","경상북도 경주시 포석로1068번길 25 (황남동)","38166","나무애","2021-12-18 09:36:42","U","2021-12-21 02:40:00","","399821.045035755","261800.657288278","외국인관광 도시민박업","","","0","","","","","0","0","3","0","","","0","0","","0","0","","0","52","","0","","","","","","","0","","","","52",
"97","외국인관광도시민박업","03_11_04_P","5050000","CDFI2262212022000002","2022-01-27","","01","영업/정상","13","영업중","","","","","","","","경상북도 경주시 사정동 106-1","경상북도 경주시 첨성로39번길 14 (사정동)","38168","연리지(Happy Tree)","2022-09-23 14:51:49","U","2022-09-25 02:40:00","","399314.374680207","261593.357374865","외국인관광 도시민박업","","주거지역","1","주택가주변","","","단독주택","0","0","1","0","Happy  Tree","Entertainment Business for foreigner only","0","0","","0","0","","0","139.89","","0","","","","","","","20000000","","","","140",
"98","외국인관광도시민박업","03_11_04_P","5050000","CDFI2262212022000003","2022-03-03","","01","영업/정상","13","영업중","","","","","","","","경상북도 경주시 황오동 236","경상북도 경주시 원효로 127-3 (황오동)","38153","착한 마루 스테이","2022-09-23 14:52:07","U","2022-09-25 02:40:00","","400036.752370402","262477.707072152","외국인관광 도시민박업","","","0","","","","","4","0","1","0","","","0","0","","0","0","","0","95.67","","0","","","","","","","0","","","","96",
"99","외국인관광도시민박업","03_11_04_P","5050000","CDFI2262212022000004","2022-03-18","","01","영업/정상","13","영업중","","","","","","","","경상북도 경주시 황남동 316-6","경상북도 경주시 첨성로81번길 9-4 (황남동)","38166","해아레 민박","2022-09-23 14:54:08","U","2022-09-25 02:40:00","","399689.964837347","261559.138496843","외국인관광 도시민박업","","주거지역","0","","","","","0","0","2","0","","","0","0","","0","0","","0","82.32","","0","","","","","","","0","","","","82",
"100","외국인관광도시민박업","03_11_04_P","5050000","CDFI2262212024000008","2024-06-19","","01","영업/정상","13","영업중","","","","","","","","경상북도 경주시 동부동 32-5","경상북도 경주시 화랑로107번길 10-5, 3층 (동부동)","38145","프롬 스테이","2024-06-19 15:23:25","I","2024-06-21 00:14:08","","399857.961888762","262854.807816582","외국인관광 도시민박업","","주거지역","3","주택가주변","","","단독주택","3","0","0","0","","","0","0","","0","0","","0","89.44","","0","","","","","","","0","","","","89",
"101","외국인관광도시민박업","03_11_04_P","5050000","CDFI2262212024000009","2024-06-19","","01","영업/정상","13","영업중","","","","","","","","경상북도 경주시 황오동 144-29","경상북도 경주시 원효로173번길 4-1, 1층 (황오동)","38152","경주 호가","2024-06-19 15:24:07","I","2024-06-21 00:14:08","","400517.580575541","262488.845482644","외국인관광 도시민박업","","주거지역","2","주택가주변","","","단독주택","2","0","0","0","","","0","0","","0","0","","0","104","","0","","","","","","","0","","","","104",
"102","외국인관광도시민박업","03_11_04_P","5050000","CDFI2262212024000010","2024-07-04","","01","영업/정상","13","영업중","","","","","","","","경상북도 경주시 성동동 29-1","경상북도 경주시 양정로104번길 15 (성동동)","38149","스테이 시 in","2024-07-04 09:14:40","I","2024-07-06 00:13:55","","400671.90423664","262877.00558017","외국인관광 도시민박업","","주거지역","1","주택가주변","","","단독주택","1","0","0","0","","","0","0","","0","0","","0","131","","0","","","","","","","0","","","","131",
"103","외국인관광도시민박업","03_11_04_P","5050000","CDFI2262212024000012","2024-08-13","","01","영업/정상","13","영업중","","","","","","","","경상북도 경주시 동천동 733-439","경상북도 경주시 원화로 386-11, 2층 (동천동)","38104","STAY PLACE 게스트하우스","2024-08-13 17:19:01","I","2024-08-15 00:13:21","","400396.976568793","263847.150634882","외국인관광 도시민박업","","일반주거지역","4","학교정화(상대)","","","단독주택","4","1","0","0","","","0","0","","0","0","","0","188.04","","0","","","","","","","0","","","","188",
"104","외국인관광도시민박업","03_11_04_P","5050000","CDFI2262212024000006","2024-06-10","","01","영업/정상","13","영업중","","","","","","","","경상북도 경주시 황오동 144-83","경상북도 경주시 원효로173번길 8-1 (황오동)","38152","호텔프프","2024-06-26 20:47:32","U","2024-06-28 02:40:00","","400532.207198065","262530.342743247","외국인관광 도시민박업","","일반주거지역","1","주택가주변","","","단독주택","1","0","0","0","","","0","0","","0","0","","0","101","","0","","","","","","","0","","","","101",
"105","외국인관광도시민박업","03_11_04_P","5050000","CDFI2262212024000007","2024-06-10","","01","영업/정상","13","영업중","","","","","","","","경상북도 경주시 성동동 29-14","경상북도 경주시 양정로130번길 8-6 (성동동)","38149","호경가","2024-06-10 13:42:10","I","2024-06-12 00:14:15","","400622.042083388","262866.7981888","외국인관광 도시민박업","","주거지역","1","주택가주변","","","단독주택","1","0","0","0","","","0","0","","0","0","","0","99.88","","0","","","","","","","0","","","","100",
"106","외국인관광도시민박업","03_11_04_P","5050000","CDFI2262212020000002","2020-01-23","","01","영업/정상","13","영업중","","","","","","","","경상북도 경주시 사정동 165-38","경상북도 경주시 첨성로 53-3 (사정동)","38167","신라여관","2022-09-23 14:13:48","U","2022-09-25 02:40:00","","399445.197537366","261499.005697639","외국인관광 도시민박업","","","0","","","","단독주택","0","0","2","0","","","0","0","","0","0","","0","69.14","","0","","","","","","","0","","","","69",
"107","외국인관광도시민박업","03_11_04_P","5050000","CDFI2262212022000001","2022-01-10","","01","영업/정상","13","영업중","","","","","","","","경상북도 경주시 구정동 233","경상북도 경주시 이구3길 27-7 (구정동)","38128","하온정","2022-01-10 18:52:56","I","2022-01-12 00:22:40","","408310.750329645","256180.801537227","외국인관광 도시민박업","","일반주거지역","1","주택가주변","","","단독주택","1","0","0","0","Haonjeong","Entertainment Business for foreigner only","0","0","","0","0","","0","108.42","","0","","","","","","","15000000","","","","108",
"108","외국인관광도시민박업","03_11_04_P","5050000","CDFI2262212024000005","2024-05-17","","01","영업/정상","13","영업중","","","","","","","","경상북도 경주시 용강동 1334-7","경상북도 경주시 소금강로41번길 16, 2층 (용강동)","38095","경주 돌집","2024-05-17 13:44:56","I","2024-05-19 00:14:36","","400903.384595492","264627.743331363","외국인관광 도시민박업","","주거지역","2","주택가주변","","","단독주택","2","0","0","0","","","0","0","","0","0","","0","100.8","","0","","","","","","","10000000","","","","101",
"109","외국인관광도시민박업","03_11_04_P","5050000","CDFI2262212024000002","2024-05-02","","01","영업/정상","13","영업중","","","","","","","","경상북도 경주시 황오동 85-31","경상북도 경주시 원효로162번길 11-3 (황오동)","38160","황오연가","2024-05-17 14:57:09","U","2024-05-19 02:40:00","","400415.627207911","262347.15110665","외국인관광 도시민박업","","주거지역","1","주택가주변","","","단독주택","1","0","0","0","","","0","0","","0","0","","0","132.47","","0","","","","","","","10000000","","","","132",
"110","외국인관광도시민박업","03_11_04_P","5050000","CDFI2262212024000003","2024-05-02","","01","영업/정상","13","영업중","","","","","","","","경상북도 경주시 황오동 85-91","경상북도 경주시 원효로162번길 7-3 (황오동)","38160","스테이 마음","2024-05-17 14:57:41","U","2024-05-19 02:40:00","","400419.202093161","262395.346228655","외국인관광 도시민박업","","주거지역","1","주택가주변","","","단독주택","1","0","0","0","","","0","0","","0","0","","0","40.33","","0","","","","","","","10000000","","","","40",
"111","외국인관광도시민박업","03_11_04_P","5050000","CDFI2262212024000004","2024-05-02","","01","영업/정상","13","영업중","","","","","","","","경상북도 경주시 황오동 160-12","경상북도 경주시 원효로177번길 18 (황오동)","38152","게스트하우스 희","2024-05-17 14:58:30","U","2024-05-19 02:40:00","","400563.44319902","262611.267337022","외국인관광 도시민박업","","주거지역","2","주택가주변","","","단독주택","2","0","0","0","","","0","0","","0","0","","0","113.15","","0","","","","","","","20000000","","","","113",
"112","외국인관광도시민박업","03_11_04_P","5050000","CDFI2262212020000006","2020-06-11","","01","영업/정상","13","영업중","","","","","","","","경상북도 경주시 황오동 5-8","경상북도 경주시 임해로123번길 3 (황오동)","38150","하우스 인(inn)","2021-10-27 08:58:07","U","2021-10-29 02:40:00","","401305.200831383","262563.929893053","외국인관광 도시민박업","","","0","","","","","0","0","3","0","","","0","0","","0","0","","0","0","","0","","","","","","","0","","","","0",
"113","외국인관광도시민박업","03_11_04_P","5050000","CDFI2262212020000003","2020-04-21","","01","영업/정상","13","영업중","","","","","","","","경상북도 경주시 성건동 180-9","경상북도 경주시 금성로323번길 6-16 (성건동)","38143","외할머니를 닮은 집","2022-03-17 09:39:54","U","2022-03-19 02:40:00","","399270.469658464","263034.782629032","외국인관광 도시민박업","","","0","","","","","0","0","1","0","","","0","0","","0","0","","0","119.38","","0","","","","","","","0","","","","119",
"114","외국인관광도시민박업","03_11_04_P","5050000","CDFI2262212020000005","2020-06-05","","01","영업/정상","13","영업중","","","","","","","","경상북도 경주시 사정동 45-5","경상북도 경주시 사정로57번길 7-18 (사정동)","38167","장미여관","2021-10-27 08:58:52","U","2021-10-29 02:40:00","","399485.094195485","261943.810532099","외국인관광 도시민박업","","","0","","","","","0","0","4","0","","","0","0","","0","0","","0","60.21","","0","","","","","","","0","","","","60",
"115","외국인관광도시민박업","03_11_04_P","5050000","CDFI2262212020000004","2020-05-27","","01","영업/정상","13","영업중","","","","","","","","경상북도 경주시 황남동 226-4","경상북도 경주시 첨성로81번길 20 (황남동)","38166","타베르나","2022-09-23 14:17:56","U","2022-09-25 02:40:00","","399734.349248","261677.126210835","외국인관광 도시민박업","","","0","","","","단독주택","0","0","4","0","","","0","0","","0","0","","0","93.83","","0","","","","","","","0","","","","94",
"116","외국인관광도시민박업","03_11_04_P","5050000","CDFI2262212023000002","2023-03-14","","01","영업/정상","13","영업중","","","","","","","","경상북도 경주시 동부동 63-5","경상북도 경주시 북성로104번길 6 (동부동)","38145","메종 드 클레어","2023-03-14 20:22:00","I","2023-03-16 00:41:27","","399840.611045494","263002.4526997","외국인관광 도시민박업","","주거지역","1","주택가주변","","","단독주택","1","0","0","0","","","0","0","","0","0","","0","112.14","","0","","","","","","","200000000","","","","112",
"117","외국인관광도시민박업","03_11_04_P","5050000","CDFI2262212021000008","2021-08-02","","01","영업/정상","13","영업중","","","","","","","","경상북도 경주시 황남동 275-10","경상북도 경주시 포석로 1089-11 (황남동)","38167","황남소소가","2022-10-04 19:30:07","U","2022-10-06 02:40:00","","399567.411653441","262037.200321442","외국인관광 도시민박업","","주거지역","1","주택가주변","","","단독주택","1","0","2","0","","","0","0","","0","0","","0","46.62","","0","","","","","","","10000000","","","","47",
"118","외국인관광도시민박업","03_11_04_P","5050000","CDFI2262212021000010","2021-09-14","","01","영업/정상","13","영업중","","","","","","","","경상북도 경주시 황오동 44-2","경상북도 경주시 임해로115번길 15-2 (황오동)","38150","희동댁","2022-09-23 14:41:02","U","2022-09-25 02:40:00","","401190.050408951","262502.342009042","외국인관광 도시민박업","","일반주거지역","1","주택가주변","","","단독주택","1","0","1","36","","","0","0","","0","0","","0","36","","0","","","","","","","200000000","","","","36",
"119","외국인관광도시민박업","03_11_04_P","5050000","CDFI2262212021000009","2021-09-03","","01","영업/정상","13","영업중","","","","","","","","경상북도 경주시 사정동 26","경상북도 경주시 포석로1079번길 8-4 (사정동)","38167","방가방가","2021-09-08 07:26:23","U","2021-09-10 02:40:00","","399525.207824979","261972.771912185","외국인관광 도시민박업","","일반주거지역","1","주택가주변","","","단독주택","1","0","1","37","Banggabangga","Entertainment Business for foreigner only","0","0","","0","0","","0","37.35","","0","","","","","","","50000000","","","","37",
"120","외국인관광도시민박업","03_11_04_P","5050000","CDFI2262212022000015","2022-11-28","","01","영업/정상","13","영업중","","","","","","","","경상북도 경주시 동부동 77-10","경상북도 경주시 중앙로 76-5 (동부동)","38145","경주 마름달","2024-05-29 18:08:12","U","2024-05-31 02:40:00","","399764.181296183","262998.435262405","외국인관광 도시민박업","","일반주거지역","0","","","","단독주택","0","0","0","0","","","0","0","","0","0","","0","74","","0","","","","","","","1000000","","","","74",
"121","외국인관광도시민박업","03_11_04_P","5050000","CDFI2262212023000001","2023-01-06","","01","영업/정상","13","영업중","","","","","","","","경상북도 경주시 성동동 30-39","경상북도 경주시 양정로130번길 6-14 (성동동)","38149","스테이 황촌","2023-01-06 08:59:53","I","2023-01-08 00:40:51","","400591.508728184","262830.271579948","외국인관광 도시민박업","","일반주거지역","1","","","","단독주택","1","0","0","0","","","0","0","","0","0","","0","41.1","","0","","","","","","","10000000","","","","41",
"122","외국인관광도시민박업","03_11_04_P","5050000","CDFI2262212022000014","2022-11-17","","01","영업/정상","13","영업중","","","","","","","","경상북도 경주시 북부동 108","경상북도 경주시 북성로105번길 5 (북부동)","38140","읍성 108","2022-11-17 16:37:58","I","2022-11-19 00:22:33","","399884.805653718","263083.857256329","외국인관광 도시민박업","","일반주거지역","0","","","","단독주택","0","0","0","0","","","0","0","","0","0","","0","80.07","","0","","","","","","","50000000","","","","80",
"123","외국인관광도시민박업","03_11_04_P","5050000","CDFI2262212021000007","2021-06-23","","01","영업/정상","13","영업중","","","","","","","","경상북도 경주시 황오동 61-4","경상북도 경주시 원효로207번길 9-13 (황오동)","38151","숙이's","2022-09-23 14:39:13","U","2022-09-25 02:40:00","","400779.893047875","262556.953508488","외국인관광 도시민박업","","주거지역","0","","","","단독주택","0","0","2","0","","","0","0","","0","0","","0","79.04","","0","","","","","","","0","","","","79",
"124","외국인관광도시민박업","03_11_04_P","5050000","CDFI2262212021000006","2021-04-30","","01","영업/정상","13","영업중","","","","","","","","경상북도 경주시 사정동 165-13","경상북도 경주시 첨성로 61-5 (사정동)","38167","어깨동무","2022-09-23 14:38:04","U","2022-09-25 02:40:00","","399516.030764916","261510.507629314","외국인관광 도시민박업","","일반주거지역","0","","","","단독주택","0","0","2","0","","","0","0","","0","0","","0","58.86","","0","","","","","","","0","","","","59",
"125","외국인관광도시민박업","03_11_04_P","5050000","CDFI2262212020000007","2020-07-06","","01","영업/정상","13","영업중","","","","","","","","경상북도 경주시 황남동 296-6","경상북도 경주시 손효자길 7-8 (황남동)","38166","황남채","2021-10-27 08:56:54","U","2021-10-29 02:40:00","","399640.467378937","261903.434441895","외국인관광 도시민박업","","","0","","","","","0","0","2","0","","","0","0","","0","0","","0","97.2","","0","","","","","","","0","","","","97",
"126","외국인관광도시민박업","03_11_04_P","5050000","CDFI2262212020000009","2020-10-08","","01","영업/정상","13","영업중","","","","","","","","경상북도 경주시 황오동 2-16","경상북도 경주시 원효로 239, 2층층 (황오동)","38150","경주 브이 게스트하우스","2021-10-27 08:52:44","U","2021-10-29 02:40:00","","401161.781269477","262441.782641542","외국인관광 도시민박업","","일반주거지역","3","학교정화(상대)","","","단독주택","3","0","1","0","","","0","0","","0","0","","0","63.36","","0","","","","","","","0","","","","63",
"127","외국인관광도시민박업","03_11_04_P","5050000","CDFI2262212020000010","2020-11-09","","01","영업/정상","13","영업중","","","","","","","","경상북도 경주시 사정동 8 동자보살","경상북도 경주시 사정로57번길 17-3, 동자보살 (사정동)","38167","황남스테이","2024-12-11 11:12:11","U","2024-12-13 02:40:00","","399522.284747149","262012.521869729","외국인관광 도시민박업","","일반주거지역","1","주택가주변","","","단독주택","1","0","2","0","","","0","0","","0","0","","0","66.98","","0","","","","","","","30000000","","","","67",
"128","외국인관광도시민박업","03_11_04_P","5050000","CDFI2262212020000011","2020-11-09","","01","영업/정상","13","영업중","","","","","","","","경상북도 경주시 사정동 116-11","경상북도 경주시 첨성로49번길 24-4 (사정동)","38167","경주아담게스트하우스","2022-10-04 19:11:32","U","2022-10-06 02:40:00","","399447.518137809","261694.236787443","외국인관광 도시민박업","","일반주거지역","0","주택가주변","","","단독주택","1","0","5","0","","","0","0","","0","0","","0","114.3","","0","","","","","","","0","","","","114",
"129","외국인관광도시민박업","03_11_04_P","5050000","CDFI2262212022000010","2022-08-30","","01","영업/정상","13","영업중","","","","","","","","경상북도 경주시 사정동 1-21","경상북도 경주시 태종로 728-6 (사정동)","38167","화수정","2024-12-24 17:11:29","U","2024-12-28 02:40:00","","399436.877415025","262106.187239904","외국인관광 도시민박업","","일반주거지역","1","기타","","","단독주택","1","0","1","0","","","0","0","","0","0","","0","42.75","","0","","","","","","","100000000","","","","43",
"130","외국인관광도시민박업","03_11_04_P","5050000","CDFI2262212022000013","2022-11-03","","01","영업/정상","13","영업중","","","","","","","","경상북도 경주시 사정동 145-2","경상북도 경주시 금성로182번길 17-1 (사정동)","38167","보담보담","2022-11-03 17:26:55","I","2022-11-05 00:22:24","","399539.39986858","261561.669332364","외국인관광 도시민박업","","일반주거지역","1","","","","단독주택","1","0","0","0","","","0","0","","0","0","","0","51.29","","0","","","","","","","0","","","","51",
"131","외국인관광도시민박업","03_11_04_P","5050000","CDFI2262212021000002","2021-03-19","","01","영업/정상","13","영업중","","","","","","","","경상북도 경주시 북부동 96","경상북도 경주시 북성로105번길 9-1 (북부동)","38140","읍성산책","2022-09-23 14:32:32","U","2022-09-25 02:40:00","","399858.2336793","263118.353204118","외국인관광 도시민박업","","주거지역","0","","","","단독주택","0","0","2","0","","","0","0","","0","0","","0","49.92","","0","","","","","","","0","","","","50",
"132","외국인관광도시민박업","03_11_04_P","5050000","CDFI2262212021000005","2021-03-30","","01","영업/정상","13","영업중","","","","","","","","경상북도 경주시 황오동 144-31","경상북도 경주시 원효로169번길 4-1 (황오동)","38152","황오여관","2022-09-23 14:37:01","U","2022-09-25 02:40:00","","400480.584551262","262489.600363454","외국인관광 도시민박업","","주거지역","0","","","","단독주택","0","0","2","0","","","0","0","","0","0","","0","133.87","","0","","","","","","","0","","","","134",
"133","외국인관광도시민박업","03_11_04_P","5050000","CDFI2262212025000006","2025-02-28","","01","영업/정상","13","영업중","","","","","","","","경상북도 경주시 황오동 144-43","경상북도 경주시 원효로173번길 12-5 (황오동)","38152","황오다락","2025-02-28 19:03:49","I","2025-03-02 00:10:36","","400547.187754901","262574.764011062","외국인관광 도시민박업","","일반주거지역","1","주택가주변","","","단독주택","1","0","0","0","","","0","0","","0","0","","0","41.8","","0","","","","","","","0","","","","42",
"134","외국인관광도시민박업","03_11_04_P","5050000","CDFI2262212025000007","2025-03-12","","01","영업/정상","13","영업중","","","","","","","","경상북도 경주시 동천동 733-51 뉴-트루빌","경상북도 경주시 탈해로23번길 12-17, 201호 (동천동, 뉴-트루빌)","38108","하오스테이","2025-03-12 09:44:50","I","2025-03-14 00:10:54","","401270.144731396","263270.009232555","외국인관광 도시민박업","","일반주거지역","4","학교정화(상대)","","","연립주택","4","0","0","0","","","0","0","","0","0","","0","54.48","","0","","","","","","","0","","","","54",
"135","외국인관광도시민박업","03_11_04_P","5050000","CDFI2262212025000008","2025-03-12","","01","영업/정상","13","영업중","","","","","","","","경상북도 경주시 황오동 43-6 대이아트빌","경상북도 경주시 임해로123번길 13, 1동 103호 (황오동, 대이아트빌)","38150","스테이원더","2025-03-12 09:45:05","I","2025-03-14 00:10:54","","401188.081482989","262567.417508732","외국인관광 도시민박업","","일반주거지역","3","학교정화(상대)","","","다세대주택","3","0","0","0","","","0","0","","0","0","","0","63.75","","0","","","","","","","0","","","","64",
"136","외국인관광도시민박업","03_11_04_P","5050000","CDFI2262212025000009","2025-03-12","","01","영업/정상","13","영업중","","","","","","","","경상북도 경주시 황오동 161-9","경상북도 경주시 양정로107번길 16 (황오동)","38152","넥스트 도어","2025-03-12 09:45:15","I","2025-03-14 00:10:54","","400629.158010861","262607.455386923","외국인관광 도시민박업","","일반주거지역","2","기타","","","단독주택","2","0","0","0","","","0","0","","0","0","","0","61.2","","0","","","","","","","0","","","","61",
"137","외국인관광도시민박업","03_11_04_P","5050000","CDFI2262212025000010","2025-03-12","","01","영업/정상","13","영업중","","","","","","","","경상북도 경주시 황오동 43-6 대이아트빌","경상북도 경주시 임해로123번길 13, 1동 202호 (황오동, 대이아트빌)","38150","위드스테이","2025-03-12 09:45:28","I","2025-03-14 00:10:54","","401188.081482989","262567.417508732","외국인관광 도시민박업","","일반주거지역","3","학교정화(상대)","","","다세대주택","3","0","0","0","","","0","0","","0","0","","0","63.75","","0","","","","","","","0","","","","64",
"138","외국인관광도시민박업","03_11_04_P","5050000","CDFI2262212025000003","2025-02-17","","01","영업/정상","13","영업중","","","","","","","","경상북도 경주시 황오동 43-6 대이아트빌","경상북도 경주시 임해로123번길 13 (황오동, 대이아트빌)","38150","이손스테이(황오)","2025-02-17 17:17:04","I","2025-02-19 00:10:43","","401188.081482989","262567.417508732","외국인관광 도시민박업","","일반주거지역","3","학교정화(상대)","","","다세대주택","3","0","0","0","","","0","0","","0","0","","0","63.75","","0","","","","","","","35000000","","","","64",
"139","외국인관광도시민박업","03_11_04_P","5050000","CDFI2262212025000004","2025-02-17","","01","영업/정상","13","영업중","","","","","","","","경상북도 경주시 황오동 43-6 대이아트빌","경상북도 경주시 임해로123번길 13, 201호 (황오동, 대이아트빌)","38150","스테이시크","2025-02-17 17:17:34","I","2025-02-19 00:10:43","","401188.081482989","262567.417508732","외국인관광 도시민박업","","일반주거지역","3","학교정화(상대)","","","다세대주택","3","0","0","0","","","0","0","","0","0","","0","71.22","","0","","","","","","","0","","","","71",
"140","외국인관광도시민박업","03_11_04_P","5050000","CDFI2262212025000005","2025-02-17","","01","영업/정상","13","영업중","","","","","","","","경상북도 경주시 황오동 43-6 대이아트빌","경상북도 경주시 임해로123번길 13, 1동 302호 (황오동, 대이아트빌)","38150","취향","2025-02-17 17:17:45","I","2025-02-19 00:10:43","","401188.081482989","262567.417508732","외국인관광 도시민박업","","일반주거지역","3","학교정화(상대)","","","다세대주택","3","0","0","0","","","0","0","","0","0","","0","63.75","","0","","","","","","","0","","","","64",
"141","외국인관광도시민박업","03_11_04_P","5050000","CDFI2262212022000009","2022-08-04","","01","영업/정상","13","영업중","","","","","","","","경상북도 경주시 노서동 42-4","경상북도 경주시 원효로 73-5 (노서동)","38155","노크눅(Knock Nook)","2022-09-23 15:25:07","U","2022-09-25 02:40:00","","399511.105913964","262539.288089913","외국인관광 도시민박업","","일반상업지역","2","학교정화(상대)","","","단독주택","2","0","2","0","","","0","0","","0","0","","0","96.37","","0","","","","","","","0","","","","96",
"142","외국인관광도시민박업","03_11_04_P","5050000","CDFI2262212021000001","2021-02-01","","01","영업/정상","13","영업중","","","","","","","","경상북도 경주시 사정동 460-4","경상북도 경주시 금성로195번길 28-1 (사정동)","38168","담안","2021-10-27 08:31:31","U","2021-10-29 02:40:00","","399096.968223022","261695.531450163","외국인관광 도시민박업","","주거지역","1","주택가주변","","","단독주택","1","0","1","0","","","0","0","","0","0","","0","75.29","","0","","","","","","","150000000","","","","75",
"143","외국인관광도시민박업","03_11_04_P","5050000","CDFI2262212022000007","2022-05-02","","01","영업/정상","13","영업중","","","","","","","","경상북도 경주시 황남동 227-2","경상북도 경주시 첨성로81번길 28-9 (황남동)","38166","스테이 해담","2022-09-23 15:19:49","U","2022-09-25 02:40:00","","399760.611044188","261760.86703126","외국인관광 도시민박업","","","0","","","","","0","0","1","0","","","0","0","","0","0","","0","35.93","","0","","","","","","","0","","","","36",
"144","외국인관광도시민박업","03_11_04_P","5050000","CDFI2262212022000008","2022-05-09","","01","영업/정상","13","영업중","","","","","","","","경상북도 경주시 사정동 473-1","경상북도 경주시 강변로152번길 7 (사정동)","38168","우드인스테이","2022-09-23 15:21:39","U","2022-09-25 02:40:00","","399049.664795237","261959.090953687","외국인관광 도시민박업","","","0","","","","단독주택","0","0","3","0","","","0","0","","0","0","","0","68.27","","0","","","","","","","0","","","","68",
"145","외국인관광도시민박업","03_11_04_P","5050000","CDFI2262212024000020","2024-12-03","","01","영업/정상","13","영업중","","","","","","","","경상북도 경주시 황오동 43 대이아트빌 2동 201호","경상북도 경주시 임해로123번길 13-7, 2동 201호 (황오동, 대이아트빌)","38150","기록","2024-12-03 12:37:27","I","2024-12-05 00:11:47","","401169.098817703","262567.92188306","외국인관광 도시민박업","","일반주거지역","3","","","","다세대주택","2","0","0","0","","","0","0","","0","0","","0","71.22","","0","","","","","","","0","","","","71",
"146","외국인관광도시민박업","03_11_04_P","5050000","CDFI2262212024000021","2024-12-03","","01","영업/정상","13","영업중","","","","","","","","경상북도 경주시 황오동 43 대이아트빌 2동 101호","경상북도 경주시 임해로123번길 13-7, 2동 101호 (황오동, 대이아트빌)","38150","게스트, 머물다","2024-12-03 12:40:23","I","2024-12-05 00:11:47","","401169.098817703","262567.92188306","외국인관광 도시민박업","","일반주거지역","3","","","","다세대주택","1","0","0","0","","","0","0","","0","0","","0","57.18","","0","","","","","","","0","","","","57",
"147","외국인관광도시민박업","03_11_04_P","5050000","CDFI2262212024000022","2024-12-03","","01","영업/정상","13","영업중","","","","","","","","경상북도 경주시 성동동 27-1","경상북도 경주시 양정로 108-18 (성동동)","38149","모모이 황촌","2024-12-03 12:43:16","I","2024-12-05 00:11:47","","400658.367480064","262829.18766671","외국인관광 도시민박업","","일반주거지역","1","","","","단독주택","1","0","0","0","","","0","0","","0","0","","0","54.71","","0","","","","","","","0","","","","55",
"148","외국인관광도시민박업","03_11_04_P","5050000","CDFI2262212024000024","2024-12-30","","01","영업/정상","13","영업중","","","","","","","","경상북도 경주시 황오동 43 대이아트빌 2동 203호","경상북도 경주시 임해로123번길 13-7, 2동 203호 (황오동, 대이아트빌)","38150","경주 짚","2024-12-30 13:23:24","I","2025-01-04 00:11:21","","401169.098817703","262567.92188306","외국인관광 도시민박업","","일반주거지역","3","","","","단독주택","2","0","0","0","","","0","0","","0","0","","0","63.75","","0","","","","","","","0","","","","64",
"149","외국인관광도시민박업","03_11_04_P","5050000","CDFI2262212024000023","2024-12-11","","01","영업/정상","13","영업중","","","","","","","","경상북도 경주시 황오동 85-94","경상북도 경주시 원효로 182-6 (황오동)","38160","스테이 경주 182-6","2024-12-11 11:43:32","I","2024-12-13 00:12:11","","400589.880337065","262404.238689376","외국인관광 도시민박업","","일반주거지역","1","","","","단독주택","1","0","0","0","","","0","0","","0","0","","0","77.19","","0","","","","","","","0","","","","77",
"150","외국인관광도시민박업","03_11_04_P","5050000","CDFI2262212025000002","2025-01-20","","01","영업/정상","13","영업중","","","","","","","","경상북도 경주시 황오동 43 대이아트빌 2동 303호","경상북도 경주시 임해로123번길 13-7, 2동 303호 (황오동, 대이아트빌)","38150","강 stay","2025-01-20 10:44:26","I","2025-01-22 00:11:07","","401169.098817703","262567.92188306","외국인관광 도시민박업","","","3","","","","다세대주택","3","0","0","0","","","0","0","","0","0","","0","63.75","","0","","","","","","","0","","","","64",
"151","외국인관광도시민박업","03_11_04_P","5050000","CDFI2262212025000001","2025-01-20","","01","영업/정상","13","영업중","","","","","","","","경상북도 경주시 황오동 43-6 대이아트빌 1동 102호","경상북도 경주시 임해로123번길 13, 1동 102호 (황오동, 대이아트빌)","38150","비키 하우스","2025-01-20 10:33:51","I","2025-01-22 00:11:07","","401188.081482989","262567.417508732","외국인관광 도시민박업","","","3","","","","다세대주택","1","0","0","0","","","0","0","","0","0","","0","63.75","","0","","","","","","","0","","","","64",
"152","외국인관광도시민박업","03_11_04_P","5050000","CDFI2262212019000007","2019-12-13","2024-05-13","04","취소/말소/만료/정지/중지","31","등록취소","","","","","","","","경상북도 경주시 서부동 254-14","경상북도 경주시 금성로 310-1, 2층 (서부동)","38144","머물다","2024-05-13 10:20:29","U","2024-05-15 02:40:00","","399344.717877821","262816.642288014","외국인관광 도시민박업","","","0","","","","","0","0","3","0","","","0","0","","0","0","","0","169.36","","0","","","","","","","0","","","","169",
"153","외국인관광도시민박업","03_11_04_P","5050000","CDFI2262212013000001","2013-06-24","","04","취소/말소/만료/정지/중지","35","직권말소","2023-04-24","","","","","","","경상북도 경주시 동천동 733-439","경상북도 경주시 원화로 386-11 (동천동)","38104","41번가 게스트하우스","2023-04-27 10:45:31","U","2023-04-29 02:40:00","","400396.976568793","263847.150634882","외국인관광 도시민박업","","일반주거지역","0","","","","","4","1","6","0","","","0","0","","0","0","","0","188.04","","0","","","","","","","0","","","","188",
"154","외국인관광도시민박업","03_11_04_P","5050000","CDFI2262212013000002","2013-07-05","","04","취소/말소/만료/정지/중지","35","직권말소","2022-02-04","","","","054-748-0211","","","경상북도 경주시 인왕동 749-1","경상북도 경주시 원화로181번길 13-2 (인왕동)","38164","첨성대 게스트하우스","2023-02-07 20:27:34","U","2023-02-09 02:40:00","","400353.544960566","261877.0264904","외국인관광 도시민박업","","주거지역","1","주택가주변","","","근린생활시설","0","0","5","120","","","0","0","","0","0","","0","120.48","","0","","","","","","","50000000","","","","120",
"155","외국인관광도시민박업","03_11_04_P","5050000","CDFI2262212020000012","2020-12-23","","04","취소/말소/만료/정지/중지","35","직권말소","2023-07-31","","","","","","","경상북도 경주시 성건동 352-7","경상북도 경주시 화랑로28번길 7-24 (성건동)","38156","솔솔당","2023-07-31 14:17:19","U","2023-08-02 02:40:00","","399087.385545812","262669.166218129","외국인관광 도시민박업","","상업지역","1","기타","","","단독주택","1","1","1","0","","","0","0","","0","0","","0","90.03","","0","","","","","","","5000000","","","","90",
"156","외국인관광도시민박업","03_11_04_P","5060000","CDFI2262212016000001","2016-03-15","","03","폐업","03","폐업","2023-10-16","","","","","","","경상북도 김천시 교동 455","경상북도 김천시 김산향교길 7 (교동)","39522","Blossom Guest house","2023-10-16 17:16:02","U","2023-10-18 02:40:00","","298500.4811508","293742.211324236","외국인관광 도시민박업","","일반주거지역","0","","","","단독주택","2","0","3","0","","","0","0","","0","0","","0","190","","0","","","","","","","0","","","","190",
"157","외국인관광도시민박업","03_11_04_P","5060000","CDFI2262212022000001","2022-06-14","","01","영업/정상","13","영업중","","","","","","","","경상북도 김천시 대항면 향천리 821-5","경상북도 김천시 대항면 직지로 78, 103동 501호","39564","A Quiet House","2024-06-20 11:24:54","U","2024-06-22 02:40:00","","291865.413970892","292119.085834379","외국인관광 도시민박업","","","0","","","","","0","0","1","0","A Quiet House","Urban Home Visit System Foreigner Tourist","0","0","","0","0","","0","92.4","","0","","","","","","","0","","","","92",
"158","외국인관광도시민박업","03_11_04_P","5070000","CDFI2262212017000002","2017-05-29","","03","폐업","03","폐업","2020-05-22","","","","","","","경상북도 안동시 동문동 163-3번지","경상북도 안동시 중앙로 89 (동문동)","36702","어울림하우스","2020-05-22 15:00:04","U","2020-05-24 02:40:00","","355357.797089584","341844.567869399","외국인관광 도시민박업","","일반상업지역","1","학교정화(상대)","","","다가구용 주택(공동주택적용)","","","5","","","","","","","","","","","36.86","","","","","","","","","","","","","37",
"159","외국인관광도시민박업","03_11_04_P","5070000","CDFI2262212022000002","2022-09-22","","03","폐업","03","폐업","2022-12-07","","","","","","","경상북도 안동시 금곡동 2-6","경상북도 안동시 금곡윗3길 46 (금곡동)","36689","조이게스트하우스","2022-12-07 16:09:38","U","2022-12-09 02:40:00","","354107.464612896","342565.138223673","외국인관광 도시민박업","","일반주거지역","0","","","","단독주택","0","0","0","0","","","0","0","","0","0","","0","130.17","","0","","","","","","","0","","","","130",
"160","외국인관광도시민박업","03_11_04_P","5070000","CDFI2262212013000001","2013-11-07","","03","폐업","03","폐업","2021-01-19","","","","","","","경상북도 안동시 안흥동 312-2","경상북도 안동시 중앙시장길 5 (안흥동)","36698","피터팬게스트하우스","2021-02-17 17:19:21","U","2021-02-19 02:40:00","","354295.882973402","341675.441113509","외국인관광 도시민박업","","","2","","","","단독주택","2","","3","","","","","","","","","","","192.08","","","","","","","","","","","","","192",
"161","외국인관광도시민박업","03_11_04_P","5070000","CDFI2262212015000003","2015-08-05","","03","폐업","03","폐업","2017-12-28","","","","","","","경상북도 안동시 노하동 659번지","경상북도 안동시 노하2길 19-5 (노하동)","36623","안동풍경","2017-12-29 08:13:49","I","2018-08-31 23:59:59","","350335.114247646","343243.70311719","외국인관광 도시민박업","","주거지역","4","학교정화(상대)","","","다가구용 주택(공동주택적용)","4","0","8","","","","","","","","","","","229.62","","","","","","","","","","","","","230",
"162","외국인관광도시민박업","03_11_04_P","5070000","CDFI2262212016000001","2016-09-27","","03","폐업","03","폐업","2023-05-02","","","","054-821-6002","","","경상북도 안동시 북문동 7-0","경상북도 안동시 음식의길 85-0 (북문동)","36694","보헤미안 게스트하우스","2023-05-02 17:23:59","U","2023-05-04 02:40:00","","355026.58515023","342060.45918026","외국인관광 도시민박업","","주거지역","2","기타","","","단독주택","2","0","3","138","","","0","0","","0","0","","0","138.2","","0","","","","","","","0","","","","138",
"163","외국인관광도시민박업","03_11_04_P","5070000","CDFI2262212016000004","2016-11-30","","03","폐업","03","폐업","2025-03-04","","","","054 823 6500","","","경상북도 안동시 용상동 1572-11","경상북도 안동시 전거리길 233-0 (용상동)","36716","안동스케치","2025-03-04 13:58:05","U","2025-03-06 02:40:00","","356348.472128968","340899.418281881","외국인관광 도시민박업","","일반주거지역","2","학교정화(상대)","","","단독주택","2","","3","452","","","","","","","","","","227.57","","","","","","","","","","","","","228",
"164","외국인관광도시민박업","03_11_04_P","5070000","CDFI2262212018000001","2018-05-01","","03","폐업","03","폐업","2021-05-11","","","","","","","경상북도 안동시 용상동 1197-16","경상북도 안동시 중들1길 15 (용상동)","36721","킴스하우스인안동","2021-05-11 16:38:42","U","2021-05-13 02:40:00","","356869.896553705","341211.136537122","외국인관광 도시민박업","","일반상업지역","1","","","","단독주택","1","","3","","","","","","","","","","","81.87","","","","","","","","","","","","","82",
"165","외국인관광도시민박업","03_11_04_P","5070000","CDFI2262212018000002","2018-07-09","","03","폐업","03","폐업","2020-05-29","","","","","","","경상북도 안동시 옥정동 423-6번지","경상북도 안동시 북문옥정길 67-7 (옥정동)","36692","동근재(同根齋)","2020-06-01 15:48:21","U","2020-06-04 02:40:00","","355203.147924308","342160.682820332","외국인관광 도시민박업","","일반주거지역","1","","","","단독주택","1","","1","","","","","","","","","","","57.34","","","","","","","","","","","","","57",
"166","외국인관광도시민박업","03_11_04_P","5070000","CDFI2262212024000002","2024-09-26","","01","영업/정상","13","영업중","","","","","","","","경상북도 안동시 운흥동 312 3층","경상북도 안동시 동흥2길 5, 3층 (운흥동)","36705","고타야 게스트하우스","2024-09-26 13:51:05","I","2024-09-28 00:12:44","","355213.029971343","341717.26446308","외국인관광 도시민박업","","일반상업지역","0","","","","단독주택","0","0","0","0","","","0","0","","0","0","","0","124.25","","0","","","","","","","0","","","","124",
"167","외국인관광도시민박업","03_11_04_P","5070000","CDFI2262212024000001","2024-08-14","","01","영업/정상","13","영업중","","","","","","","","경상북도 안동시 송현동 271 주공아파트","경상북도 안동시 합전1길 64-6, 6동 107호 (송현동, 주공아파트)","36643","ANDONG SOOKS HOUSE(안동 숙이네)","2024-08-14 18:08:06","I","2024-08-17 00:13:21","","352195.187707941","342395.058046412","외국인관광 도시민박업","","","0","","","","","0","0","0","0","","","0","0","","0","0","","0","49.22","","0","","","","","","","0","","","","49",
"168","외국인관광도시민박업","03_11_04_P","5070000","CDFI2262212020000001","2020-03-31","","01","영업/정상","13","영업중","","","","","","","","경상북도 안동시 태화동 195-29번지","경상북도 안동시 서부시장2길 15-2 (태화동)","36669","채영이네","2020-04-08 08:49:56","U","2020-04-10 02:40:00","","353399.349585598","341901.776327605","외국인관광 도시민박업","","일반주거지역","","","","","근린생활시설","","","3","","","","","","","","","","","64.68","","","","","","","","","","","","","65",
"169","외국인관광도시민박업","03_11_04_P","5070000","CDFI2262212020000002","2020-04-24","","01","영업/정상","13","영업중","","","","","","","","경상북도 안동시 용상동 1588-53","경상북도 안동시 전거리5길 35, 401호 (용상동)","36715","안동올레게스트하우스","2023-05-04 10:48:10","U","2023-05-07 02:40:00","","356030.421152782","341190.663026188","외국인관광 도시민박업","","일반주거지역","0","","","","","0","0","2","0","","","0","0","","0","0","","0","107.45","","0","","","","","","","0","","","","107",
"170","외국인관광도시민박업","03_11_04_P","5070000","CDFI2262212023000001","2023-03-27","","01","영업/정상","13","영업중","","","","","","","","경상북도 안동시 태화동 625-2","경상북도 안동시 원동2길 22 (태화동)","36667","새뜰家","2024-01-05 11:21:00","U","2024-01-07 02:40:00","","352947.745875357","341781.783964659","외국인관광 도시민박업","","일반주거지역","1","","","","단독주택","1","0","2","0","","","0","0","","0","0","","0","39.77","","0","","","","","","","170000000","","","","40",
"171","외국인관광도시민박업","03_11_04_P","5070000","CDFI2262212022000003","2022-12-29","","01","영업/정상","13","영업중","","","","","","","","경상북도 안동시 삼산동 63-17","경상북도 안동시 음식의길 69, 2층 (삼산동)","36694","마중 게스트하우스","2023-01-16 09:45:28","U","2023-01-18 02:40:00","","355008.757013852","341975.395584358","외국인관광 도시민박업","","","3","","","","","3","0","1","273","","","0","0","","0","0","","0","95.74","","0","","","","","","","0","","","","96",
"172","외국인관광도시민박업","03_11_04_P","5070000","CDFI2262212014000001","2014-10-31","","01","영업/정상","13","영업중","","","","","","","","경상북도 안동시 운안동 446-2","경상북도 안동시 마무골길 38 (운안동)","36630","힐링하우스 마고","2021-02-05 13:53:18","U","2021-02-07 02:40:00","","353000.798176021","342712.748003955","외국인관광 도시민박업","","","2","","","","","","","4","","","","","","","","","","","180.36","","","","","","","","","30000000","","","","180",
"173","외국인관광도시민박업","03_11_04_P","5070000","CDFI2262212015000001","2015-04-02","","01","영업/정상","13","영업중","","","","","","","","경상북도 안동시 신세동 176-3","경상북도 안동시 태사길 125-5 (신세동)","36685","황토게스트하우스","2022-01-13 16:27:39","U","2022-01-15 02:40:00","","355509.504079946","341931.606831244","외국인관광 도시민박업","","일반주거지역","1","학교정화(상대)","","","단독주택","1","0","2","0","","","0","0","","0","0","","0","81.85","","0","","","","","","","0","","","","82",
"174","외국인관광도시민박업","03_11_04_P","5070000","CDFI2262212016000002","2016-06-20","","01","영업/정상","13","영업중","","","","","054-841-4545","","","경상북도 안동시 운안동 451-1번지","경상북도 안동시 마무골1길 47 (운안동)","36630","파루시아 게스트하우스","2016-12-20 13:54:02","I","2018-08-31 23:59:59","","352941.927955046","342748.892544742","외국인관광 도시민박업","","일반주거지역","2","주택가주변","","","단독주택","2","","3","","","","","","","","","","","108.54","","","","","","","","","","","","","109",
"175","외국인관광도시민박업","03_11_04_P","5070000","CDFI2262212016000003","2016-10-26","","01","영업/정상","13","영업중","","","","","","","","경상북도 안동시 신세동 173-17번지","경상북도 안동시 성진길 12-11 (신세동)","36685","그림애컬쳐하우스","2020-06-01 11:04:44","U","2020-06-04 02:40:00","","355513.544997532","341951.093484387","외국인관광 도시민박업","","주거지역","1","주택가주변","","","단독주택","1","","3","51","","","","","","","","","","51.37","","","","","","","","","","","","","51",
"176","외국인관광도시민박업","03_11_04_P","5070000","CDFI2262212017000001","2017-04-17","","01","영업/정상","13","영업중","","","","","","","","경상북도 안동시 금곡동 124-25","경상북도 안동시 금곡길 21-8 (금곡동)","36690","게스트하우스 play at home","2023-11-15 09:27:51","U","2023-11-17 02:40:00","","354033.180832691","342061.924938467","외국인관광 도시민박업","","","0","","","","","0","0","3","0","","","0","0","","0","0","","0","206.62","","0","","","","","","","0","","","","207",
"177","외국인관광도시민박업","03_11_04_P","5070000","CDFI2262212025000001","2025-02-20","","01","영업/정상","13","영업중","","","","","","","","경상북도 안동시 신안동 277-2 상일금탑맨션","경상북도 안동시 퇴계로 157, 101동 702호 (신안동, 상일금탑맨션)","36688","감나무집","2025-02-20 08:36:36","I","2025-02-22 00:10:41","","354939.11488495","342539.71600054","외국인관광 도시민박업","","","0","","","","","0","0","0","0","","","0","0","","0","0","","0","0","","0","","","","","","","0","","","","0",
"178","외국인관광도시민박업","03_11_04_P","5070000","CDFI2262212025000002","2025-02-24","","01","영업/정상","13","영업중","","","","","","","","경상북도 안동시 운안동 437-10","경상북도 안동시 열루재길 1-6 (운안동)","36630","미미하우스","2025-03-26 12:33:55","U","2025-03-28 02:40:00","","352812.825024517","342638.198962004","외국인관광 도시민박업","","","0","","","","","0","0","1","0","","","0","0","","0","0","","0","0","","0","","","","","","","0","","","","0",
"179","외국인관광도시민박업","03_11_04_P","5070000","CDFI2262212021000001","2021-02-02","","01","영업/정상","13","영업중","","","","","","","","경상북도 안동시 정하동 301-11","경상북도 안동시 강남8길 7-9, 102호 (정하동)","36751","모닝","2023-05-04 10:48:52","U","2023-05-07 02:40:00","","355251.353922609","340035.230927921","외국인관광 도시민박업","","","3","","","","다가구용 주택(공동주택적용)","0","0","3","0","","","0","0","","0","0","","0","94.6","","0","","","","","","","0","","","","95",
"180","외국인관광도시민박업","03_11_04_P","5070000","CDFI2262212024000003","2024-12-04","","01","영업/정상","13","영업중","","","","","","","","경상북도 안동시 옥정동 462-1","경상북도 안동시 태사2길 83-17 (옥정동)","36693","이랑","2024-12-04 16:57:48","I","2024-12-06 00:11:59","","355094.338120277","342120.617206663","외국인관광 도시민박업","","일반주거지역","0","","","","","0","0","0","0","","","0","0","","0","0","","0","35.5","","0","","","","","","","0","","","","36",
"181","외국인관광도시민박업","03_11_04_P","5070000","CDFI2262212019000001","2019-09-23","","04","취소/말소/만료/정지/중지","35","직권말소","2024-11-25","","","","","","","경상북도 안동시 평화동 71-25","경상북도 안동시 안기천로 127 (평화동)","36653","안동아몬드게스트하우스","2024-11-25 09:36:38","U","2024-11-27 02:40:00","","353751.658404587","342202.491079547","외국인관광 도시민박업","","","0","","","","","0","0","2","0","","","0","0","","0","0","","0","186.76","","0","","","","","","","0","","","","187",
"182","외국인관광도시민박업","03_11_04_P","5070000","CDFI2262212015000002","2015-05-01","","04","취소/말소/만료/정지/중지","35","직권말소","2024-11-25","","","","","","","경상북도 안동시 정하동 315-11 2층 201호","경상북도 안동시 강남8길 46 (정하동, 하늘닮은아이어린이집)","36751","모던하우스","2024-11-25 09:36:10","U","2024-11-27 02:40:00","","355271.649392081","339918.27450425","외국인관광 도시민박업","","일반주거지역","2","주택가주변","","","단독주택","0","0","2","0","","","0","0","","0","0","","0","160.52","","0","","","","","","","0","","","","161",
"183","외국인관광도시민박업","03_11_04_P","5080000","CDFI2262212024000001","2024-06-13","","01","영업/정상","13","영업중","","","","","","","","경상북도 구미시 임은동 517-2","경상북도 구미시 왕산로5길 14-21, B동 302호 (임은동)","39352","정스테이","2024-06-13 16:30:05","I","2024-06-15 00:14:13","","323272.777526706","288394.759992693","외국인관광 도시민박업","","준공업지역","0","","","","","0","0","0","0","Jung Stay","Home-Stay Business For Foreign Tourist","0","0","","0","0","","0","60","","0","","","","","","","0","","","","60",
"184","외국인관광도시민박업","03_11_04_P","5080000","CDFI2262212024000002","2024-06-13","","01","영업/정상","13","영업중","","","","","","","","경상북도 구미시 임은동 517-2","경상북도 구미시 왕산로5길 14-21, B동 202호 (임은동)","39352","헤브스테이","2024-06-13 16:22:50","I","2024-06-15 00:14:13","","323272.777526706","288394.759992693","외국인관광 도시민박업","","준공업지역","0","","","","","0","0","0","0","Reve Stay","Home-Stay Business For Foreign Tourist","0","0","","0","0","","0","60","","0","","","","","","","0","","","","60",
"185","외국인관광도시민박업","03_11_04_P","5080000","CDFI2262212025000001","2025-02-28","","01","영업/정상","13","영업중","","","","","","","","경상북도 구미시 원평동 415-24","경상북도 구미시 원남로8길 26-1 (원평동)","39302","각산스테이","2025-02-28 09:12:28","I","2025-03-02 00:10:36","","319676.453500736","292491.604596247","외국인관광 도시민박업","","일반주거지역","2","주택가주변","","","단독주택","2","0","0","0","","","0","0","","0","0","","0","119.69","","0","","","","","","","0","","","","120",
"186","외국인관광도시민박업","03_11_04_P","5090000","CDFI2262212018000001","2018-12-28","","03","폐업","03","폐업","2024-09-03","","","","","","","경상북도 영주시 가흥동 1381-97","경상북도 영주시 대학로62번길 22, 2층 (가흥동)","36125","Y센터 게스트하우스","2024-09-03 16:28:45","U","2024-09-05 02:40:00","","344205.185761435","368725.388614512","외국인관광 도시민박업","","일반주거지역","2","주택가주변","","","다중주택(공동주택적용)","0","0","3","0","","","0","0","","0","0","","0","107.76","","0","","","","","","","0","","","","108",
"187","외국인관광도시민박업","03_11_04_P","5090000","CDFI2262212023000001","2023-02-23","","01","영업/정상","13","영업중","","","","","054-638-9994","","","경상북도 영주시 휴천동 390-21","경상북도 영주시 구성로178번길 18 (휴천동)","36154","주식회사 남산선비마을","2024-01-05 17:27:06","U","2024-01-07 02:40:00","","345376.694483907","368751.584585945","외국인관광 도시민박업","","일반주거지역","2","주택가주변","","","다가구용 주택(공동주택적용)","2","0","3","0","","","0","0","","0","0","","0","171.42","","0","","","","","","","2000000","","","","171",
"188","외국인관광도시민박업","03_11_04_P","5100000","CDFI2262212020000001","2020-10-13","","03","폐업","03","폐업","2021-11-24","","","","","","","경상북도 영천시 망정동 160-6","경상북도 영천시 미륵1길 28-2 (망정동)","38864","영천아지트","2022-03-14 11:45:56","U","2022-03-16 02:40:00","","375845.032328898","276661.026305601","외국인관광 도시민박업","","주거지역","2","주택가주변","","","단독주택","2","0","4","0","Yeongcheon agit","foreign tourist urban home-stay business","0","0","","0","0","","0","118.99","","0","","","","","","","30000000","","","","119",
"189","외국인관광도시민박업","03_11_04_P","5120000","CDFI2262212018000001","2018-10-29","","03","폐업","03","폐업","2021-12-31","","","","","","","경상북도 문경시 모전동 658","경상북도 문경시 매봉로 97-12 (모전동)","36975","마이홈(my home)","2022-07-25 14:22:48","U","2022-07-27 02:40:00","","305826.182265115","344089.336818271","외국인관광 도시민박업","","일반주거지역","5","주택가주변","","","다세대주택","5","0","3","0","","","0","0","","0","0","","0","64.99","","0","","","","","","","0","","","","65",
"190","외국인관광도시민박업","03_11_04_P","5120000","CDFI2262212018000002","2018-11-08","","01","영업/정상","13","영업중","","","","","","","","경상북도 문경시 점촌동 269-14","경상북도 문경시 중앙4길 22 (점촌동)","36947","여유(YeoU)","2022-07-25 14:15:36","U","2022-07-27 02:40:00","","307438.554225012","344265.522662142","외국인관광 도시민박업","","일반주거지역","3","주택가주변","","","다가구용 주택(공동주택적용)","3","0","3","0","","","0","0","","0","0","","0","93.3","","0","","","","","","","0","","","","93",
"191","외국인관광도시민박업","03_11_04_P","5130000","CDFI2262212025000001","2025-01-17","","01","영업/정상","13","영업중","","","","","","","","경상북도 경산시 임당동 575-11 그랑빌B 102호","경상북도 경산시 둥지로21길 7-1, 그랑빌B 102호 (임당동)","38519","그랑빌B","2025-01-17 18:22:23","I","2025-01-19 00:11:35","","357772.813433194","261737.663941518","외국인관광 도시민박업","","일반주거지역","3","","","","단독주택","3","0","0","0","","","0","0","","0","0","","0","42","","0","","","","","","","40000000","","","","42",
